pmcid	relevancy	topic
1033658	0	1
1033958	0	1
1034932	0	1
1034982	0	1
1035890	0	1
1036421	0	1
1036599	0	1
1036765	0	1
1036894	0	1
1037001	0	1
1037069	0	1
1043897	0	1
1044014	0	1
1044051	0	1
1044089	0	1
1044223	0	1
1044649	0	1
1065010	0	1
1065094	0	1
1081442	0	1
1082070	0	1
1082445	0	1
1082486	0	1
1087222	0	1
1087851	0	1
1088250	0	1
1097737	0	1
1097744	0	1
1112595	0	1
1112600	0	1
1139167	0	1
1145137	0	1
1151650	0	1
1156894	0	1
1166571	0	1
1173116	0	1
1180830	0	1
1185558	0	1
1201136	2	1
1208953	0	1
1236944	2	1
1240772	0	1
1241467	0	1
1253515	0	1
1257428	0	1
1257451	0	1
1257602	0	1
1269455	0	1
1274327	0	1
1277832	0	1
1277845	0	1
1277865	0	1
1289285	0	1
1291370	0	1
1298305	0	1
130966	2	1
1310515	0	1
1316875	0	1
1318493	0	1
1323303	0	1
1323317	0	1
1325039	0	1
1326214	0	1
1326224	0	1
1327708	0	1
1342636	0	1
1352387	0	1
1373626	0	1
1402267	2	1
1402280	1	1
1475887	2	1
155634	2	1
1559601	2	1
2072948	2	1
2267791	1	1
2270358	2	1
2275746	2	1
2315652	2	1
2429898	1	1
2438319	2	1
2490681	2	1
2494540	2	1
2503962	2	1
2553061	2	1
2599899	1	1
2602994	2	1
2635122	1	1
2646693	1	1
2653043	2	1
2668594	2	1
2672159	2	1
2672237	2	1
2672240	2	1
2672467	2	1
2729419	1	1
2737775	1	1
2752757	2	1
2758876	2	1
2778463	2	1
2799444	2	1
2801475	2	1
2832616	2	1
2845797	2	1
2922325	2	1
3008823	2	1
3078258	2	1
3078282	2	1
3093002	2	1
3199072	2	1
3205748	2	1
3224392	2	1
3258019	2	1
3258729	2	1
3259311	2	1
3259381	2	1
3262520	2	1
3277903	1	1
3283750	1	1
3301006	2	1
3326370	2	1
3374026	2	1
3406271	2	1
3406274	2	1
3406277	2	1
3420628	2	1
3433655	2	1
3444002	2	1
3465868	1	1
3481681	1	1
3490454	2	1
1065010	0	2
1084363	0	2
1087510	1	2
1112595	1	2
1112598	0	2
1156954	0	2
1168906	2	2
1175897	1	2
1175902	0	2
1175916	1	2
1175924	1	2
1181820	0	2
1184050	0	2
1215528	1	2
1240959	1	2
1257451	0	2
1257604	1	2
1257651	0	2
126248	0	2
1276800	0	2
1276802	0	2
1277008	0	2
1277009	1	2
1277866	0	2
1297597	0	2
137228	1	2
137231	0	2
1379641	0	2
1386678	1	2
1413549	1	2
1414001	0	2
1414045	0	2
1420313	0	2
1448178	0	2
1464140	0	2
1464381	2	2
1469509	0	2
1469866	1	2
1475232	1	2
1481584	0	2
1501005	0	2
1501014	0	2
1513559	0	2
1526596	0	2
1540438	0	2
1550803	1	2
1550933	0	2
1550946	0	2
1566470	0	2
1568058	0	2
1568330	0	2
1568345	0	2
1568358	2	2
1568380	1	2
1569345	0	2
1578567	0	2
1609165	0	2
1634852	0	2
1637094	0	2
1647271	0	2
1661629	0	2
1697742	0	2
1751045	1	2
1751077	0	2
1781795	1	2
1784777	0	2
1784791	0	2
1796861	2	2
1820987	1	2
1821329	0	2
1832206	0	2
183865	1	2
1838823	0	2
1851004	2	2
1878501	0	2
1891275	2	2
1892149	0	2
1913172	0	2
1939852	1	2
1940287	0	2
1961632	0	2
1971640	0	2
1976318	0	2
1977305	0	2
1995607	0	2
2000906	0	2
2002419	1	2
2007501	0	2
2007657	0	2
2007755	0	2
2007941	0	2
2007972	0	2
2008231	0	2
2008397	0	2
2008538	0	2
2008694	0	2
2009435	0	2
2009859	0	2
2011516	0	2
2018704	1	2
2025113	0	2
2025296	1	2
2064919	0	2
2070907	0	2
2071005	0	2
2071076	0	2
2071147	0	2
2071193	0	2
2071267	0	2
2073769	0	2
2073904	0	2
2073963	0	2
2074167	0	2
2074182	0	2
2082036	1	2
2117003	0	2
2126331	0	2
2128214	1	2
2133536	2	2
2135574	0	2
2136485	2	2
2164964	0	2
2186330	0	2
2194711	0	2
2202333	1	2
2206392	2	2
2212832	0	2
2228007	0	2
2246210	0	2
2248239	0	2
2249599	0	2
2253540	1	2
2257948	0	2
2267184	0	2
2270846	0	2
2276236	0	2
2335107	0	2
2364663	1	2
2365966	1	2
2366074	0	2
2374600	0	2
2374623	0	2
2377328	0	2
2384520	0	2
2384718	1	2
2385654	1	2
2385751	1	2
2385823	1	2
2386861	1	2
2390549	1	2
2391256	0	2
2441605	0	2
2442953	0	2
2442985	0	2
2443005	0	2
2443077	0	2
2443086	0	2
2443761	0	2
2448050	1	2
2448996	0	2
2449163	0	2
2453150	0	2
2459199	0	2
2474644	1	2
2475360	0	2
2480298	0	2
2491651	0	2
2492864	2	2
2515635	1	2
2526389	0	2
2528209	0	2
2546376	1	2
2546434	1	2
2559831	1	2
2566980	1	2
2569011	0	2
2570503	0	2
2570830	2	2
2570908	2	2
2572606	0	2
2575602	2	2
2578943	2	2
2582242	0	2
2583042	1	2
2584008	0	2
2591236	0	2
2591616	0	2
2591620	2	2
2591627	0	2
2595300	0	2
2597729	0	2
2600143	0	2
2600388	1	2
2612653	0	2
2615032	0	2
2615269	0	2
2615296	0	2
2615299	0	2
2621130	1	2
2627182	0	2
2627222	0	2
2627819	0	2
2627963	1	2
2627999	0	2
2628177	0	2
2628934	0	2
2629011	0	2
2630042	0	2
2631718	0	2
2633196	0	2
2633199	0	2
2634609	0	2
2635375	0	2
2636786	1	2
2640128	0	2
2640266	0	2
2644295	2	2
2646129	0	2
2646742	0	2
2647170	1	2
2649850	0	2
2649856	0	2
2667260	0	2
2674586	0	2
2680832	2	2
2680861	0	2
2681119	2	2
2681469	0	2
2682795	0	2
2682800	0	2
2685790	0	2
2686703	0	2
2687676	0	2
2687693	0	2
2687695	0	2
2688148	0	2
2690073	0	2
2691805	0	2
2693565	0	2
2693849	0	2
2693868	0	2
2697585	0	2
2698064	2	2
2698626	0	2
2700429	0	2
2700440	0	2
2700447	0	2
2700454	2	2
2700478	1	2
2700561	0	2
2700591	0	2
2701955	0	2
2702735	0	2
2705343	1	2
2709444	0	2
2709640	0	2
2710057	0	2
2714572	2	2
2722011	0	2
2725793	0	2
2725817	2	2
2725833	2	2
2725834	2	2
2725870	1	2
2725948	2	2
2727116	0	2
2727333	2	2
2729224	0	2
2729381	0	2
2729879	2	2
2732064	0	2
2732065	0	2
2732070	0	2
2732078	0	2
2732089	0	2
2732551	1	2
2735734	0	2
2737147	0	2
2737768	0	2
2737771	0	2
2737777	0	2
2738342	0	2
2740020	0	2
2740074	0	2
2740075	0	2
2740082	0	2
2740121	0	2
2740138	0	2
2750192	2	2
2754485	1	2
2764845	2	2
2780641	1	2
2783073	2	2
2802352	1	2
2803920	1	2
2803992	1	2
2811908	2	2
2815980	2	2
2817000	1	2
2828091	2	2
2829597	1	2
2842275	2	2
2846739	1	2
2850176	2	2
2855073	1	2
2860402	1	2
2862513	1	2
2878208	2	2
2890005	1	2
2893430	2	2
2911751	1	2
2918871	2	2
2923780	1	2
2930172	2	2
2941259	1	2
2946718	1	2
2946956	1	2
2954014	2	2
2955686	2	2
2958005	2	2
2958022	1	2
2958032	2	2
2958542	1	2
2958958	2	2
2966984	1	2
2974228	2	2
2988176	2	2
2991321	2	2
3000139	1	2
3000162	1	2
3012278	1	2
3033073	2	2
3033095	1	2
3034701	1	2
3035547	2	2
3052621	2	2
3063653	2	2
3066183	1	2
3075397	1	2
3079651	1	2
3085223	2	2
3086217	2	2
3090107	2	2
3097723	2	2
3097804	2	2
3099506	1	2
3109342	1	2
3114546	2	2
3118372	2	2
3118811	2	2
3121612	2	2
3125024	1	2
3129349	2	2
3159900	1	2
3162819	1	2
3162821	1	2
3170265	2	2
3176209	2	2
3205006	1	2
3218869	1	2
3219246	1	2
3223529	2	2
3226624	1	2
3257067	1	2
3266655	1	2
3276904	1	2
3278951	2	2
3279317	1	2
3291226	2	2
3294754	2	2
3301050	2	2
3309579	1	2
3310460	2	2
3311181	2	2
3314854	2	2
3316689	2	2
3320461	2	2
3321975	1	2
3322057	1	2
3322781	2	2
3322905	2	2
3322907	1	2
3322910	2	2
3323160	2	2
3323212	2	2
3323328	2	2
3364540	2	2
3374420	2	2
3374421	2	2
3376101	2	2
3376151	1	2
3378931	1	2
3381396	1	2
3385239	2	2
3389947	1	2
3396276	2	2
3403114	1	2
3414549	1	2
3416909	2	2
3420557	1	2
3429833	1	2
3432326	1	2
3436624	1	2
3436764	1	2
3439446	1	2
3446154	2	2
3447288	1	2
3456478	1	2
3458229	1	2
3462154	1	2
3463044	1	2
3481388	2	2
3486933	2	2
3496690	1	2
3499172	1	2
3502361	1	2
1064132	0	3
1079925	0	3
1082621	0	3
1082912	0	3
1088941	0	3
1112590	0	3
1112595	0	3
1112598	0	3
1153715	0	3
1156894	0	3
1156933	0	3
1160571	0	3
1173139	0	3
1175057	0	3
1190165	0	3
1199610	0	3
1200430	0	3
1208861	0	3
1208863	0	3
1208906	0	3
1240977	0	3
1252637	0	3
1253668	0	3
1260029	0	3
1269453	0	3
1291396	0	3
1299321	0	3
1308873	0	3
1310905	0	3
1314885	0	3
1325054	0	3
1361803	0	3
1368989	0	3
1382229	0	3
1382251	0	3
138652	0	3
138661	0	3
138663	0	3
1968787	1	3
1971490	1	3
2001323	1	3
2009435	1	3
201022	2	3
2011516	1	3
2025113	1	3
2233876	2	3
2373300	1	3
2610653	1	3
2627214	1	3
2687457	1	3
2730627	1	3
2766874	1	3
2766900	1	3
2878712	1	3
2892667	1	3
2892773	2	3
2936317	1	3
3082113	1	3
3101722	2	3
3127816	1	3
3389846	2	3
3403798	1	3
3430489	1	3
3460172	1	3
3484289	1	3
3505349	1	3
3507065	1	3
3519030	1	3
3522332	1	3
3528766	1	3
3583529	1	3
3590355	1	3
3616260	1	3
3635626	1	3
3644826	1	3
3656556	1	3
1084250	0	4
1090580	0	4
1156909	2	4
1160573	0	4
1164415	0	4
1166581	0	4
1175023	0	4
1177974	0	4
1183200	0	4
1192792	0	4
1242033	0	4
1266394	0	4
1280401	0	4
1297576	0	4
1310628	0	4
1334206	0	4
137603	0	4
1379641	0	4
1434751	0	4
1434757	0	4
1458347	0	4
1459932	0	4
1459933	0	4
1464381	0	4
1464384	0	4
1471781	0	4
1475558	0	4
1482682	0	4
1502153	0	4
1524788	0	4
1550823	0	4
1553435	0	4
156660	0	4
1568587	0	4
1576315	0	4
1579223	0	4
1586195	0	4
1592487	0	4
1664556	0	4
1764009	0	4
1781429	0	4
1784589	0	4
1821330	0	4
1831475	0	4
1839760	0	4
1847446	0	4
1852285	0	4
1852294	0	4
1852683	0	4
1852903	2	4
1852906	0	4
1866232	0	4
1868024	0	4
1885437	0	4
1892556	0	4
1906775	0	4
1942180	0	4
1963326	0	4
1977684	0	4
1978022	0	4
1994671	0	4
2007666	0	4
2007922	0	4
2170449	1	4
2246263	1	4
2526401	2	4
2526417	2	4
2646726	1	4
2687814	2	4
2693867	1	4
2732452	1	4
2737781	2	4
2769330	2	4
2790127	2	4
2799065	1	4
2807148	2	4
2828460	2	4
2831247	2	4
2831897	1	4
2877789	2	4
2893369	2	4
2908435	2	4
2908875	2	4
3005218	2	4
3020335	2	4
3035542	1	4
3057594	2	4
3090653	1	4
3094683	2	4
3097588	2	4
3102615	2	4
3120998	2	4
3152734	2	4
3162786	2	4
3163180	2	4
3194761	2	4
3212703	2	4
3232573	2	4
3235783	2	4
3247765	1	4
3259313	2	4
3264881	2	4
3282974	2	4
3284666	2	4
3289979	2	4
3292802	2	4
3315623	2	4
3370327	2	4
3385618	2	4
3413594	1	4
3425032	2	4
3425034	2	4
3446097	2	4
3466869	2	4
3469389	1	4
3487198	2	4
3490505	1	4
3534160	2	4
3561184	2	4
3564025	2	4
3564105	1	4
3569638	2	4
1033756	0	5
1034072	0	5
1044781	0	5
1064123	1	5
1065004	1	5
1065094	0	5
1065101	0	5
1082354	0	5
1087869	0	5
1097749	1	5
1112595	0	5
1112598	0	5
1131908	1	5
1175911	2	5
1180854	2	5
1187869	0	5
1201178	1	5
1236937	0	5
1253515	0	5
1277817	0	5
1277869	0	5
1280927	0	5
1282576	1	5
1310905	0	5
1314890	0	5
1315984	0	5
137223	1	5
1388246	0	5
1393263	0	5
1413549	1	5
1414021	1	5
1414028	1	5
1421401	0	5
1435760	0	5
1440773	0	5
1464140	1	5
1464381	1	5
1469412	0	5
1469559	1	5
1479417	0	5
1481515	1	5
1481535	0	5
1513255	0	5
1519159	0	5
1523235	0	5
1524788	1	5
1524974	0	5
1533805	0	5
1533819	1	5
153482	0	5
1550867	1	5
1550946	1	5
1557508	0	5
156660	0	5
1567365	0	5
1568462	1	5
1569821	0	5
1592487	0	5
1602198	1	5
1602206	0	5
1609165	2	5
1634852	0	5
1634854	0	5
1635700	0	5
1679810	1	5
1697806	0	5
1702348	0	5
1750965	1	5
1751060	1	5
1764004	2	5
1766022	0	5
1780052	0	5
1780053	0	5
1781075	1	5
1781780	1	5
1781795	1	5
1783648	0	5
1784604	0	5
1784620	0	5
1784650	0	5
1791015	0	5
1817699	0	5
1820987	0	5
1824715	2	5
1824744	0	5
1824745	0	5
1863421	0	5
1868926	0	5
1876465	0	5
1891804	0	5
1892149	0	5
1906866	0	5
1913514	0	5
1920505	0	5
1940263	2	5
194433	0	5
1971672	0	5
1976906	0	5
1977480	0	5
1986825	0	5
1987337	2	5
1989755	2	5
1994592	0	5
2001686	0	5
2007536	0	5
2008024	0	5
2009954	0	5
2010481	0	5
2010948	0	5
2011563	0	5
2020460	2	5
2025547	0	5
2045103	2	5
2048992	0	5
2050141	0	5
2071038	0	5
2072943	0	5
2073546	0	5
2074098	0	5
2075500	0	5
2075501	0	5
2078590	0	5
2082032	0	5
2096525	0	5
2117003	0	5
2117957	0	5
2118137	0	5
2125476	0	5
2137186	0	5
2138298	0	5
2139754	0	5
2140058	0	5
2140887	0	5
2151774	0	5
2151856	0	5
2151880	0	5
2176139	0	5
2180729	0	5
2186339	0	5
2194668	0	5
2206392	1	5
2206489	0	5
2206499	0	5
2222237	2	5
2244628	1	5
2359996	1	5
2385820	1	5
2409543	1	5
2426673	1	5
2567096	1	5
2576164	2	5
2598878	1	5
2599294	2	5
2627179	2	5
2629964	2	5
2647177	1	5
2649145	1	5
2672442	2	5
2684304	2	5
2695771	2	5
2700432	1	5
2706800	2	5
2737754	2	5
2767138	2	5
2769286	2	5
2829621	1	5
2860403	1	5
2868875	1	5
2876696	1	5
2876903	2	5
2887806	2	5
2906941	2	5
2920273	2	5
2964707	2	5
3015225	1	5
3019007	2	5
3039763	2	5
3053630	1	5
3064452	2	5
3108676	2	5
3108942	2	5
3134172	2	5
3161475	2	5
3249337	2	5
3258820	2	5
3263087	1	5
3273370	1	5
3325356	1	5
3339806	1	5
3347843	2	5
3355351	2	5
3357009	2	5
3368485	1	5
3373988	1	5
3391195	2	5
3405157	2	5
3409130	2	5
3444002	2	5
3445145	2	5
3445446	2	5
3463042	1	5
3469224	1	5
3484605	2	5
3488523	2	5
3502108	1	5
3539053	2	5
3542887	1	5
3555588	2	5
3571887	2	5
3573171	2	5
3596662	2	5
3600284	2	5
1033927	0	6
1034064	0	6
1037001	1	6
1065049	0	6
1079864	1	6
1079905	0	6
1087859	0	6
1166571	1	6
1174960	0	6
1175853	1	6
1241737	0	6
1247395	0	6
1266355	0	6
1266362	0	6
1323318	0	6
1343576	2	6
1345699	0	6
1369002	1	6
1379641	0	6
1402299	0	6
1435993	0	6
1459474	1	6
1459877	1	6
1464381	0	6
1464384	0	6
1471802	0	6
1475384	0	6
1481539	0	6
149412	0	6
149426	1	6
149427	1	6
1500968	2	6
1501116	0	6
150384	0	6
150570	1	6
1513328	0	6
1523324	0	6
1533899	0	6
153495	1	6
153533	1	6
1550576	1	6
1555578	0	6
1559691	1	6
1562439	0	6
1564048	0	6
1564427	0	6
1566656	1	6
1568346	0	6
1579220	0	6
1584242	0	6
1586213	0	6
1592685	0	6
1618804	0	6
1619898	0	6
1621059	0	6
1624823	1	6
1624848	0	6
1629026	1	6
1630706	0	6
1634853	0	6
1636720	1	6
1654185	0	6
1661620	0	6
1661648	0	6
1661653	0	6
1664553	0	6
1698946	0	6
1779268	0	6
1781427	0	6
1781429	0	6
1781431	0	6
1781572	1	6
1784103	0	6
1794136	2	6
1794454	0	6
1802740	2	6
1819368	0	6
1824726	2	6
1824728	0	6
1828725	0	6
1832125	0	6
1852090	1	6
1855052	0	6
1863421	0	6
1865541	0	6
1891284	0	6
1904360	1	6
1936423	0	6
1947954	2	6
1947981	0	6
1959239	0	6
1963326	0	6
1971255	0	6
1971271	0	6
1977251	0	6
1978022	0	6
1994026	0	6
1994045	1	6
2001555	0	6
2007982	1	6
2008221	0	6
2008477	0	6
2010632	0	6
2025067	0	6
2034049	0	6
2045104	0	6
2077356	0	6
2096713	1	6
2100429	0	6
2117004	0	6
2118050	1	6
2124559	0	6
2124710	1	6
2126290	0	6
2126354	0	6
2131599	0	6
2136853	0	6
2136896	0	6
2174471	1	6
2180977	0	6
2186339	0	6
2211778	1	6
2219960	0	6
2222229	0	6
2225420	0	6
2226001	0	6
2228009	0	6
2238766	1	6
2241773	0	6
2244600	0	6
2245960	0	6
2248288	0	6
2248298	0	6
2268945	0	6
2270795	0	6
2271036	0	6
2276213	0	6
2276505	0	6
2291310	0	6
2292424	1	6
2292427	0	6
2311280	0	6
2323000	0	6
2324130	0	6
2326726	2	6
2329656	0	6
2335289	0	6
2350146	1	6
2365968	0	6
2366049	0	6
2366074	0	6
2373287	0	6
2374280	0	6
2374535	0	6
2374881	0	6
2377328	0	6
2384340	1	6
2384782	1	6
2385019	0	6
2385047	1	6
2385088	0	6
2385662	2	6
2385853	2	6
2385926	0	6
2395425	0	6
2409359	0	6
2409965	0	6
2412891	0	6
2432047	0	6
2441622	0	6
2442120	0	6
2442424	0	6
2443045	0	6
2443049	0	6
2447834	0	6
2448275	0	6
2448507	2	6
2448541	2	6
2448802	1	6
2449046	0	6
2449158	0	6
2453643	0	6
2453658	1	6
2453666	1	6
2467409	0	6
2467417	0	6
2468312	0	6
2475394	0	6
2478847	1	6
2479703	1	6
2483552	0	6
2490671	0	6
2494662	0	6
2503992	0	6
2515409	2	6
2515417	1	6
2515428	1	6
2518347	1	6
2546468	1	6
2613580	1	6
2627528	1	6
2646042	2	6
2685239	2	6
2686636	1	6
2723667	2	6
2729726	1	6
2740343	1	6
2758596	2	6
2764564	1	6
2774628	2	6
2832020	1	6
2899806	1	6
2905609	1	6
2906445	1	6
2940872	2	6
2941781	2	6
2946585	2	6
2963920	2	6
2972490	2	6
2984455	2	6
2998520	1	6
3003149	1	6
3006050	1	6
3010891	1	6
3021110	1	6
3047965	1	6
3047971	2	6
3047985	1	6
3047986	1	6
3052714	2	6
3080564	1	6
3081358	1	6
3081469	1	6
3097146	2	6
3103558	1	6
3108514	2	6
3114322	2	6
3116297	1	6
3122893	1	6
3122895	1	6
3122899	1	6
3124298	1	6
3138102	1	6
3142033	1	6
3142036	1	6
3152182	1	6
3152183	1	6
3157602	1	6
3221028	2	6
3224657	2	6
3259362	2	6
3263204	1	6
3270907	2	6
3271397	1	6
3290257	2	6
3297411	2	6
3317136	2	6
3322723	1	6
3357214	2	6
3362038	1	6
3369138	1	6
3379595	1	6
3380126	1	6
3401751	2	6
3401767	1	6
3402273	1	6
3405309	2	6
3410075	2	6
3426551	1	6
3495379	2	6
3499274	1	6
3506244	2	6
3508110	1	6
3524099	1	6
3533748	1	6
3535134	1	6
3537266	2	6
3537269	2	6
3537557	2	6
3546197	1	6
3554227	2	6
3557414	2	6
3560772	1	6
3573501	1	6
3575963	2	6
3579430	1	6
3581257	2	6
3607889	2	6
1033641	0	7
1036341	0	7
1079843	0	7
1087494	2	7
1088007	0	7
1088011	2	7
1139519	0	7
1139843	0	7
1151653	0	7
1181818	0	7
1183226	2	7
1188051	2	7
1188062	0	7
1199611	2	7
1240387	0	7
1241786	0	7
1298312	0	7
1315350	0	7
1318453	0	7
1325049	2	7
1325244	0	7
1352384	0	7
1379641	0	7
1386660	0	7
1434505	2	7
1434506	0	7
1456957	0	7
1456982	0	7
1459115	0	7
1468472	0	7
1469570	0	7
1472670	0	7
1474397	0	7
1502048	0	7
1502062	0	7
1518904	0	7
1519138	0	7
1519183	0	7
1550404	0	7
1550631	0	7
1564027	0	7
1564030	0	7
1564177	0	7
1568758	0	7
1569401	0	7
1574288	0	7
1576333	0	7
1584230	2	7
1592154	2	7
1592480	0	7
1594562	0	7
161797	2	7
1635416	0	7
165438	0	7
165592	0	7
1661590	0	7
1661658	0	7
1664563	2	7
1693912	0	7
1705499	0	7
1705513	0	7
1716160	2	7
1764009	0	7
1769378	0	7
1769477	0	7
1769486	0	7
1779267	0	7
1779399	0	7
1794228	0	7
1797808	0	7
1803776	0	7
1810534	0	7
1829161	0	7
1832124	0	7
1838423	0	7
1845151	0	7
1851705	0	7
1858696	0	7
1892013	0	7
1939835	0	7
1940252	2	7
194858	0	7
1965464	0	7
1971047	0	7
1994947	0	7
2008193	0	7
2031887	2	7
2033566	0	7
2034573	0	7
2048943	0	7
2050631	0	7
2071911	0	7
2075491	0	7
2082655	0	7
2089060	2	7
2092422	0	7
2254627	2	7
2270822	2	7
2494993	2	7
2515901	2	7
2542367	2	7
2656288	2	7
2656315	2	7
2656332	2	7
2656591	2	7
2671773	2	7
2749439	2	7
2767345	2	7
2768965	2	7
2778437	2	7
2879869	2	7
2881943	2	7
2921140	2	7
2924526	2	7
2938294	2	7
2955942	2	7
2970879	2	7
2970950	2	7
2972415	2	7
3009622	2	7
3011203	2	7
3012558	2	7
3012908	2	7
3013171	2	7
3031940	2	7
3082809	2	7
3094285	2	7
3096313	2	7
3108260	2	7
3122543	2	7
3123271	2	7
3123969	2	7
3136248	2	7
3148928	2	7
3168079	2	7
3176902	2	7
3181562	2	7
3181740	2	7
3181745	2	7
3181767	2	7
3181770	2	7
3181772	2	7
3181773	2	7
3181775	2	7
3181779	2	7
3181867	2	7
3181869	2	7
3181871	2	7
3181872	2	7
3181876	2	7
3181882	2	7
3181883	2	7
3181885	2	7
3181887	2	7
3181888	2	7
3181971	2	7
3182389	2	7
3184501	2	7
3191598	2	7
3195148	2	7
3195149	2	7
3205688	2	7
1044232	0	8
1044303	0	8
1139178	0	8
1174872	0	8
1216331	1	8
1240497	0	8
1252727	1	8
1287504	0	8
1298325	1	8
1316067	2	8
1343569	0	8
1351204	0	8
1379641	0	8
1436032	0	8
1459868	2	8
1464384	0	8
1474901	0	8
1475713	0	8
1510947	0	8
1513597	1	8
151666	2	8
1518837	0	8
1524733	0	8
1559621	2	8
1563447	1	8
1567438	0	8
1578577	1	8
1586195	0	8
1624838	0	8
1633730	0	8
1637267	0	8
1664553	0	8
1664556	0	8
1693557	2	8
1705495	0	8
1764009	0	8
1764744	0	8
1764752	1	8
1764753	0	8
1774568	0	8
1781429	0	8
1781552	0	8
1781834	0	8
1781836	0	8
1794627	1	8
1805428	0	8
1808500	0	8
1859984	0	8
1868710	1	8
1876804	0	8
1885431	0	8
1888726	0	8
1894829	0	8
1899521	0	8
1906781	1	8
1925150	0	8
1929122	0	8
1933540	0	8
1978045	0	8
2000292	0	8
2007886	0	8
2008015	0	8
2008322	0	8
2008575	0	8
2008591	0	8
2009013	0	8
2011569	0	8
2018707	0	8
2024832	0	8
2024879	0	8
2031918	0	8
2039826	0	8
2062508	0	8
2074152	0	8
2080348	0	8
2096525	0	8
2110401	0	8
2115248	0	8
2118280	0	8
2119474	0	8
2121110	0	8
2128213	0	8
2131854	0	8
2133520	0	8
2135671	0	8
2139665	0	8
2141351	0	8
2171702	0	8
2174449	0	8
2187170	0	8
2187197	1	8
2189351	0	8
2189692	0	8
2211476	0	8
2215050	0	8
2228402	0	8
2235848	0	8
2246031	2	8
2246105	0	8
2247070	0	8
2253717	0	8
2257968	0	8
2263063	1	8
2323392	0	8
2330074	0	8
2365405	0	8
2365882	0	8
2366049	0	8
2366066	2	8
2366070	0	8
2366074	0	8
2374601	0	8
2377328	0	8
2385296	0	8
2386147	0	8
2408940	2	8
2424119	0	8
2440928	0	8
2442427	1	8
2442429	0	8
2443193	0	8
2447176	0	8
2447179	0	8
2447983	0	8
2448346	0	8
2448484	0	8
2449121	0	8
2449163	0	8
2453229	0	8
2467409	0	8
2474603	0	8
2475418	0	8
2480022	0	8
2496988	1	8
2515588	0	8
2515905	0	8
2518049	0	8
2518220	0	8
2525487	0	8
2525489	0	8
2526366	2	8
2526479	0	8
2526511	0	8
2536546	0	8
2547099	2	8
2565333	0	8
2565341	0	8
2565347	0	8
2565404	0	8
2570714	0	8
2573019	0	8
2576332	2	8
2577927	0	8
2577938	0	8
2577942	0	8
2581654	1	8
2581659	1	8
2582677	0	8
2589195	0	8
2589488	0	8
2591145	0	8
2591166	0	8
2591290	0	8
2591329	0	8
2595582	0	8
2596467	0	8
2601047	0	8
2607544	2	8
2615740	0	8
2621138	0	8
2622763	0	8
2626691	0	8
2626699	0	8
2628118	0	8
2628175	0	8
2628177	0	8
2629918	0	8
2630042	0	8
2630977	0	8
2631691	0	8
2632376	0	8
2638813	2	8
2639208	2	8
2642800	0	8
2642859	0	8
2644619	0	8
2646658	1	8
2647148	0	8
2661898	1	8
2663463	2	8
2668559	2	8
2672014	2	8
2672188	2	8
2677798	2	8
2677799	1	8
2683939	1	8
2686868	2	8
2686928	1	8
2690857	2	8
2702832	1	8
2705504	1	8
2706416	1	8
2714061	2	8
2718120	2	8
2749045	1	8
2759336	2	8
2759338	2	8
2760719	1	8
2769430	1	8
2773124	2	8
2806537	2	8
2808512	1	8
2811971	1	8
2811980	2	8
2844408	1	8
2851297	1	8
2854356	2	8
2854938	2	8
2857279	1	8
2860358	1	8
2864151	2	8
2890893	2	8
2915796	1	8
2938459	1	8
2944799	1	8
2949589	2	8
2987858	2	8
2987955	1	8
3015177	2	8
3015204	1	8
3022870	1	8
3026935	2	8
3038529	1	8
3038533	1	8
3039161	2	8
3039162	1	8
3039167	1	8
3041901	1	8
3074332	1	8
3087163	1	8
3087473	1	8
3087487	2	8
3087508	1	8
3100676	1	8
3104685	2	8
3109410	1	8
3139171	1	8
3151599	1	8
3160011	2	8
3169556	2	8
3171359	1	8
3177789	1	8
3178148	1	8
3181713	2	8
3181814	1	8
3181816	1	8
3181848	2	8
3181915	2	8
3181918	1	8
3189782	2	8
3224521	1	8
3235940	1	8
3238497	2	8
3243637	1	8
3265806	1	8
3269050	2	8
3286330	1	8
3286335	1	8
3292568	2	8
3296552	2	8
3308020	1	8
3308023	1	8
3310634	1	8
3311149	1	8
3325431	1	8
3330267	1	8
3336236	1	8
3340342	2	8
3340570	2	8
3347756	1	8
3359427	1	8
3389871	1	8
3389956	2	8
3405324	1	8
3410003	2	8
3414089	1	8
3420744	1	8
3422616	1	8
3423946	1	8
3430626	1	8
3433364	1	8
3457973	1	8
3463813	1	8
3463884	1	8
3470713	1	8
3486423	1	8
3489883	1	8
3492138	1	8
3500470	1	8
3505356	2	8
3506998	1	8
3514352	1	8
3514380	1	8
3517431	1	8
3521923	2	8
3527175	2	8
3527560	2	8
3545923	1	8
3551238	1	8
3568150	1	8
3573064	1	8
3578350	1	8
3586491	1	8
3597555	1	8
1034199	0	9
1036296	0	9
1087897	0	9
1180430	0	9
1181810	0	9
1184084	0	9
1185557	0	9
1187928	0	9
2526433	2	9
2800864	2	9
2823760	1	9
2840894	2	9
2856359	1	9
3156524	2	9
3352629	2	9
3652086	2	9
101372	0	10
1033952	0	10
1033978	0	10
1034193	0	10
1034958	0	10
1036591	0	10
1036796	0	10
1044120	0	10
1044583	0	10
1065003	0	10
1065025	0	10
1082084	0	10
1082621	0	10
111193	0	10
1139202	0	10
1140951	0	10
116590	0	10
1174872	0	10
1240385	0	10
1240721	0	10
125313	0	10
126248	0	10
1269433	0	10
2667400	2	10
2687574	1	10
2691519	1	10
2740058	1	10
2740158	1	10
2749011	1	10
2768636	1	10
2842962	1	10
2893371	1	10
2933643	1	10
3004514	1	10
3030049	1	10
3047858	2	10
3101789	1	10
3290188	2	10
3420662	1	10
3423657	1	10
3466839	1	10
3483501	2	10
3514812	1	10
3601223	1	10
3637401	1	10
3649654	2	10
1033601	0	11
1033640	0	11
1035828	0	11
1035955	0	11
1036430	0	11
1036437	0	11
1036572	0	11
1036678	0	11
1036724	0	11
1036761	0	11
1044194	0	11
1044300	0	11
1044304	0	11
1044373	0	11
1044620	0	11
1044664	0	11
1044710	0	11
1044723	0	11
1065004	0	11
1065094	0	11
1065104	0	11
1082008	0	11
1082631	0	11
1112598	0	11
1139455	0	11
1142326	0	11
1156916	0	11
1159169	0	11
1164419	0	11
1175860	0	11
1177931	0	11
1177975	0	11
1224859	0	11
1240319	0	11
1253520	0	11
126218	0	11
1277817	0	11
130037	0	11
130145	0	11
130966	1	11
1310905	0	11
1315330	0	11
1325039	0	11
137231	0	11
137331	0	11
1373644	0	11
1373687	0	11
137602	0	11
1386710	0	11
1402320	0	11
1434740	0	11
1434765	0	11
1435899	0	11
1459158	0	11
1459269	0	11
1469457	0	11
1474621	0	11
1474624	0	11
1475043	0	11
1475887	0	11
1479808	0	11
1481535	0	11
1513530	0	11
1519025	0	11
1519259	0	11
1526423	0	11
153436	0	11
1540431	0	11
1550718	0	11
1550933	0	11
1559601	2	11
1559683	0	11
1562442	0	11
1569431	0	11
1581468	0	11
1618845	0	11
1635560	0	11
1636035	0	11
1636036	0	11
1647271	0	11
1712359	0	11
1764004	1	11
1769489	0	11
1852545	1	11
1929108	1	11
194433	1	11
2045103	1	11
2174498	2	11
2363727	1	11
2430200	1	11
2464753	1	11
2515422	2	11
2531092	1	11
2588582	1	11
2596547	1	11
2627698	2	11
2629964	1	11
2639604	1	11
2672220	1	11
2672240	1	11
2678699	2	11
2700473	2	11
2721535	1	11
2737754	1	11
2760693	1	11
2767138	2	11
2769292	2	11
2769480	2	11
2770458	1	11
2771148	1	11
2801475	1	11
2803851	2	11
2803953	2	11
2850857	2	11
2858720	1	11
2872582	1	11
2879291	1	11
2887806	2	11
2917397	1	11
2938495	1	11
2967692	1	11
2981784	1	11
2984334	2	11
2988179	2	11
2992067	1	11
3030029	1	11
3034954	2	11
3047826	2	11
3064452	1	11
3064888	1	11
3078258	1	11
3088014	1	11
3108676	1	11
3120277	2	11
3141758	1	11
3152527	2	11
3154489	1	11
3161475	1	11
3169864	2	11
3183636	2	11
3184711	2	11
3207060	1	11
3222602	1	11
3248865	1	11
3285529	1	11
3296555	1	11
3299160	2	11
3336243	2	11
3347843	1	11
3353206	1	11
3354466	2	11
3397657	1	11
3406274	2	11
3406278	2	11
3436631	1	11
3445145	2	11
3485910	2	11
3487309	1	11
3498317	2	11
3505934	1	11
101408	1	12
1033801	0	12
1036094	0	12
1036297	0	12
1036607	0	12
1036648	0	12
1044218	0	12
1044276	0	12
1044278	0	12
1064854	0	12
1064855	0	12
1079885	0	12
1081434	0	12
1081913	0	12
1081972	0	12
1082216	0	12
1082236	0	12
1082270	0	12
1082308	0	12
1082454	0	12
1082484	0	12
1082581	0	12
1082702	0	12
1084355	0	12
1084359	1	12
1087878	0	12
1088011	0	12
1097758	0	12
111192	0	12
1140938	2	12
1142208	0	12
1151653	2	12
1156915	0	12
117131	0	12
1180708	0	12
1180834	0	12
1190205	0	12
1192793	0	12
1198244	0	12
1215478	0	12
1216327	0	12
1240291	0	12
1240799	0	12
1241194	0	12
1241693	0	12
1241914	0	12
1241916	0	12
1257438	0	12
126221	0	12
1266310	0	12
1266361	0	12
1269452	1	12
1269460	2	12
1278477	1	12
1280340	0	12
1280346	0	12
1280924	1	12
1281279	1	12
1283094	0	12
1291371	0	12
1308833	1	12
1308850	0	12
1310906	0	12
1310917	0	12
1310932	0	12
1318453	0	12
1322287	1	12
1351167	0	12
137315	0	12
137602	0	12
1382235	2	12
1386697	0	12
140013	0	12
1431557	1	12
1435923	0	12
1458326	0	12
1459125	0	12
1459154	0	12
1459875	0	12
1475384	0	12
1481527	0	12
149366	0	12
1501099	0	12
1502130	0	12
1513065	1	12
1513521	1	12
1526432	0	12
1553435	0	12
1566624	0	12
1568437	0	12
1570363	0	12
1574295	0	12
1574306	0	12
1592146	0	12
1592148	0	12
1637335	1	12
1779517	0	12
1779609	0	12
1781429	0	12
1794626	0	12
1796865	0	12
1808067	0	12
1820598	0	12
1824720	0	12
1824744	0	12
1828150	0	12
1852683	0	12
1852684	0	12
1877811	0	12
1891284	0	12
1891296	0	12
1904206	0	12
1913060	0	12
1913587	1	12
1920505	0	12
1920530	0	12
1931585	0	12
1934376	0	12
1934901	0	12
1936270	0	12
1968325	0	12
2120825	1	12
2138688	1	12
2186939	1	12
2270726	1	12
2527784	2	12
2583982	2	12
2584645	2	12
2589194	2	12
2595654	2	12
2655275	2	12
2686852	1	12
2700089	1	12
2704528	1	12
2734629	1	12
2741486	1	12
2746452	1	12
2768506	1	12
2778562	2	12
2799413	1	12
2821392	1	12
2877029	2	12
2882550	2	12
2915794	1	12
2951033	1	12
2989378	1	12
3010678	2	12
3018974	2	12
3031940	1	12
3034940	1	12
3041782	2	12
3075814	2	12
3079865	2	12
3095901	2	12
3104441	1	12
3108690	1	12
3109817	2	12
3113834	2	12
3123561	2	12
3129124	2	12
3134260	2	12
3134320	2	12
3140027	2	12
3141718	2	12
3156535	1	12
3166263	2	12
3169862	2	12
3169863	2	12
3198526	2	12
3212801	2	12
3224772	2	12
3230027	2	12
3246474	2	12
3256118	2	12
3288929	1	12
3290258	2	12
3303894	2	12
3337801	2	12
3342720	2	12
3349544	1	12
3350179	2	12
3352226	2	12
3354841	2	12
3354857	2	12
3354865	2	12
3363700	2	12
3401781	2	12
3402675	1	12
3420799	2	12
3425150	2	12
3425758	2	12
3425768	2	12
3475014	2	12
3485864	2	12
3494865	2	12
3504208	2	12
3506073	2	12
3508199	2	12
3513008	2	12
3514797	2	12
3539526	2	12
3542033	2	12
3565903	2	12
3600204	1	12
3603048	2	12
3608003	2	12
3614336	1	12
3616310	2	12
1033696	0	13
1033928	0	13
1034058	0	13
1036074	0	13
1043937	0	13
1043985	0	13
1044194	0	13
1044568	0	13
1044808	0	13
1065003	1	13
1065094	1	13
1082008	0	13
1082101	0	13
1082359	0	13
1082453	0	13
1082643	0	13
1090580	0	13
1112595	0	13
1112598	0	13
113776	0	13
1139429	0	13
1139755	0	13
1156894	0	13
1156907	0	13
115843	0	13
1198256	0	13
1240457	0	13
1240640	0	13
1241586	0	13
1241735	0	13
1257652	0	13
1276816	0	13
1283982	0	13
1297528	0	13
1316059	0	13
137242	0	13
137256	0	13
137397	2	13
1440784	0	13
1456975	0	13
1464141	0	13
1469457	0	13
1474617	1	13
1474624	0	13
1479389	0	13
1518903	0	13
1518923	0	13
1523191	1	13
1524932	0	13
1524986	0	13
1526771	0	13
1533476	0	13
153540	0	13
1550805	0	13
1552014	0	13
1557713	2	13
1568784	0	13
1569431	0	13
1569865	0	13
1592487	0	13
1599751	0	13
1617112	1	13
1624824	0	13
1624840	0	13
1637094	0	13
165606	0	13
1693563	0	13
1712359	0	13
1764004	2	13
1764183	0	13
1764748	0	13
1781338	0	13
1784580	0	13
1791015	0	13
1794625	0	13
1796865	0	13
1796879	0	13
1797062	0	13
1804104	0	13
1821020	0	13
1824736	0	13
1828061	0	13
1852901	0	13
1855694	0	13
1866461	0	13
1866472	0	13
1866517	0	13
1906866	1	13
1914268	0	13
1925127	0	13
1936417	0	13
1939918	0	13
1939921	1	13
194767	0	13
1971508	0	13
1976104	0	13
1976317	0	13
2007578	0	13
2010056	0	13
2125882	1	13
2211302	2	13
2270282	1	13
2288601	1	13
2291339	2	13
2323013	1	13
2362714	1	13
2448694	1	13
2582334	2	13
2612756	1	13
2621418	1	13
2628138	2	13
2637917	1	13
2650596	1	13
2669462	1	13
2671519	1	13
2672442	2	13
2693784	1	13
2700473	1	13
2700484	2	13
2700591	1	13
2706214	1	13
2737775	2	13
2743643	1	13
2754094	1	13
2760911	2	13
2767138	1	13
2783053	1	13
2789929	2	13
2791737	2	13
2803902	1	13
2810585	2	13
2811908	1	13
2816287	1	13
2817864	2	13
2840827	2	13
2846739	1	13
2878708	1	13
2887806	2	13
2906941	2	13
2958892	1	13
2984474	2	13
2984575	1	13
2988177	1	13
2998658	2	13
3003678	2	13
3033073	2	13
3034954	1	13
3047355	1	13
3047823	2	13
3047842	2	13
3060149	2	13
3069387	2	13
3087018	2	13
3092060	2	13
3099612	1	13
3114546	1	13
3135096	1	13
3137850	2	13
3152527	1	13
3157673	2	13
3161951	1	13
3195099	1	13
3199125	2	13
3206769	1	13
3207060	2	13
3219017	2	13
3223529	1	13
3226573	2	13
3227138	2	13
3236138	1	13
3259378	2	13
3259385	1	13
3279317	1	13
3288010	1	13
3301634	2	13
3339066	1	13
3422178	2	13
3424120	2	13
1033893	0	14
1036642	0	14
1036784	0	14
1036788	0	14
1044508	0	14
1065060	0	14
1065097	0	14
107028	0	14
1079964	0	14
1088249	0	14
1088250	0	14
1097737	1	14
1139491	0	14
116425	0	14
1175898	0	14
1183193	0	14
1198251	0	14
1236946	1	14
1240387	0	14
1241058	0	14
1241939	0	14
1247497	0	14
1253729	0	14
126243	0	14
1277006	1	14
1277007	0	14
1277009	0	14
1278504	0	14
128832	1	14
1318453	0	14
1343591	0	14
1364522	0	14
137231	0	14
137307	0	14
137370	1	14
1379647	1	14
1382265	1	14
1386702	0	14
1402327	1	14
140322	0	14
1413549	0	14
1414020	0	14
1420328	0	14
1421412	0	14
1434765	1	14
1434767	0	14
1435909	0	14
1448174	0	14
1468404	0	14
1470187	0	14
1471781	1	14
1472097	1	14
1475146	0	14
1475565	1	14
1475610	0	14
1483826	0	14
149229	0	14
149230	0	14
1513525	1	14
1519138	0	14
1519343	0	14
1522014	1	14
1523208	0	14
1526712	0	14
1550411	0	14
1550834	0	14
1551927	0	14
1557854	1	14
1562405	0	14
1564177	0	14
156662	0	14
1592112	0	14
1592308	0	14
1602205	0	14
161802	0	14
1621058	0	14
1654154	0	14
1679798	0	14
1693923	0	14
1751065	0	14
1761051	0	14
1769385	0	14
1769396	0	14
1779411	0	14
1779609	0	14
1794008	0	14
1794449	1	14
1804268	0	14
1805747	0	14
1824728	0	14
1832184	0	14
183864	1	14
1852903	0	14
1858696	0	14
1866702	0	14
1914302	0	14
1920553	0	14
1949812	0	14
1964804	0	14
1971618	0	14
1977791	0	14
2008667	0	14
2009625	0	14
2011434	0	14
2033858	0	14
2045659	0	14
2063499	1	14
2070966	0	14
2074576	0	14
2080648	0	14
2098752	0	14
2120485	0	14
2124659	0	14
2124936	0	14
2124954	0	14
2125099	0	14
2125149	0	14
2125381	0	14
2131284	0	14
2131944	0	14
2131965	0	14
2135126	0	14
2135160	0	14
2135756	0	14
2136873	0	14
2137326	0	14
2203182	0	14
2222592	0	14
2232040	0	14
2234474	0	14
2245974	0	14
2246491	0	14
2246514	0	14
2246740	0	14
2248586	1	14
2254469	0	14
2259255	0	14
2262920	0	14
2268108	0	14
2270823	0	14
2275736	0	14
2277435	0	14
2288603	0	14
2291314	1	14
2323545	0	14
2385343	1	14
2385744	2	14
2390579	1	14
2426706	1	14
2474850	1	14
2496697	1	14
2518380	2	14
2559826	1	14
2585577	1	14
2627525	1	14
2631053	1	14
2648945	1	14
2677268	1	14
2687896	1	14
2698060	1	14
2767133	1	14
2769363	1	14
2772260	1	14
2775026	1	14
2780634	1	14
2783048	1	14
2783161	1	14
2803848	1	14
2805656	1	14
2822147	1	14
2822791	1	14
2823148	1	14
2828440	2	14
2831203	1	14
2831909	1	14
2838368	2	14
2857829	1	14
2880803	1	14
2884448	1	14
2902496	1	14
2906932	1	14
2908877	1	14
2909783	1	14
2923795	1	14
2935134	1	14
2940086	1	14
2984268	1	14
2994656	2	14
3021828	1	14
3031991	1	14
3036638	1	14
3038529	1	14
3047849	1	14
3063409	1	14
3083989	1	14
3087163	1	14
3087248	1	14
3089911	2	14
3093208	1	14
3099615	2	14
3106393	1	14
3113998	1	14
3114312	1	14
3114370	1	14
3130360	1	14
3130466	1	14
3137828	1	14
3145557	1	14
3150839	2	14
3159366	1	14
3162713	1	14
317469	1	14
3176167	1	14
3181626	2	14
3194779	1	14
3214503	1	14
3220250	2	14
3246148	1	14
3273706	1	14
3282669	1	14
3290011	1	14
3290013	2	14
3298221	1	14
3299601	2	14
3310834	1	14
3326248	1	14
3349957	1	14
3385502	1	14
3389848	2	14
3389887	1	14
3389956	1	14
3390892	1	14
3400886	1	14
3401656	1	14
3410014	1	14
3431062	1	14
3433121	1	14
3439771	1	14
3443736	1	14
3459527	1	14
3527238	1	14
3531955	2	14
3536037	2	14
3536615	1	14
3542555	1	14
3542921	1	14
3542922	1	14
3544320	1	14
3546438	1	14
3548361	1	14
1036504	0	15
1036568	0	15
1036668	0	15
1062158	0	15
1064083	0	15
1073695	0	15
1079913	0	15
1082912	0	15
1090565	0	15
1097757	0	15
1131910	0	15
1142319	0	15
1142325	0	15
1160585	0	15
1164436	0	15
1166574	0	15
117226	0	15
1174872	0	15
1175050	0	15
1175853	0	15
1180859	0	15
1182398	0	15
1185520	0	15
1185645	0	15
1188074	0	15
1190221	0	15
1198256	0	15
1201170	0	15
1201172	0	15
1201366	0	15
1208861	0	15
1208937	2	15
1208965	0	15
1241403	0	15
1241812	0	15
1247570	0	15
126229	0	15
1282573	0	15
1326207	0	15
1368996	0	15
1373631	0	15
1379641	0	15
1382200	0	15
1382248	0	15
138799	0	15
1459125	0	15
1459165	0	15
1464382	0	15
1464386	0	15
1469833	0	15
1474474	0	15
1475532	0	15
1475650	0	15
1475660	0	15
1501023	0	15
1502130	0	15
1513580	0	15
1525160	0	15
1526415	0	15
152645	0	15
1526717	0	15
1533809	0	15
1538579	0	15
1550248	0	15
1555610	0	15
155642	0	15
156624	0	15
1568587	0	15
1569865	0	15
1581458	0	15
1581463	0	15
1581470	0	15
1592140	0	15
1601970	0	15
1624808	0	15
1784608	1	15
2449186	2	15
2626783	2	15
2637889	1	15
2649930	2	15
2672226	2	15
2672247	1	15
2700241	2	15
2700671	1	15
2700683	2	15
2709639	1	15
2713849	2	15
2718206	1	15
2726514	2	15
2726540	2	15
2729468	2	15
2737761	2	15
2737786	1	15
2740022	1	15
2766875	2	15
2766886	2	15
2766898	2	15
2767137	2	15
2769446	2	15
2778945	2	15
2782171	1	15
2782204	1	15
2791738	2	15
2800936	2	15
2806401	2	15
2809077	2	15
2816301	2	15
2822794	1	15
2848680	1	15
2878686	1	15
2884455	2	15
2908674	2	15
2921813	2	15
2930290	1	15
2938513	1	15
2941598	2	15
2954974	2	15
2963121	2	15
2963752	2	15
2970786	1	15
2990894	2	15
3002375	2	15
3014817	2	15
3015424	2	15
3015487	1	15
3015570	1	15
3015759	1	15
3015918	2	15
3016001	1	15
3016115	1	15
3018959	2	15
3019596	2	15
3021277	2	15
3052620	1	15
3056215	2	15
3066713	2	15
3094260	2	15
3097809	2	15
3099610	2	15
3111156	2	15
3129104	2	15
3148597	2	15
3162726	1	15
3195536	2	15
3205541	2	15
3205660	2	15
3205779	2	15
3214510	1	15
101408	0	16
1033800	0	16
1033837	0	16
1033950	0	16
1034926	0	16
1036213	0	16
1036356	0	16
1036440	0	16
1036500	0	16
1036920	0	16
1044231	0	16
1044263	0	16
1044538	0	16
1044542	0	16
1044802	0	16
1081878	0	16
1088011	0	16
1088250	0	16
1097736	0	16
116597	0	16
1174872	0	16
1175099	0	16
1184074	1	16
1185557	0	16
1193543	0	16
1247187	0	16
1247383	0	16
1253520	0	16
1257603	0	16
1282576	2	16
1310615	1	16
1431525	1	16
2135201	2	16
2268742	2	16
2656546	2	16
2710506	1	16
2731168	1	16
2732448	1	16
2742899	1	16
2745658	2	16
2781142	2	16
2797745	2	16
2803182	1	16
2815959	1	16
2846934	2	16
2874428	2	16
2958551	1	16
3071360	1	16
3135331	1	16
3170745	2	16
3283561	2	16
3289591	1	16
3294322	2	16
3298317	1	16
3320390	2	16
3347913	2	16
1034185	0	17
1036420	0	17
1044425	0	17
1044562	0	17
1082399	0	17
1082485	0	17
1087842	0	17
1140052	0	17
1164413	0	17
1173129	0	17
1183200	1	17
1183201	0	17
1190177	0	17
1192792	0	17
1198220	0	17
1199598	0	17
122079	2	17
1242225	0	17
131012	0	17
1334206	0	17
1379641	0	17
140039	0	17
1403776	0	17
1413535	0	17
1448186	0	17
1458326	0	17
1459265	0	17
1459933	0	17
1464382	0	17
1472708	0	17
1488841	0	17
1488855	1	17
1523371	0	17
1524788	0	17
1526710	0	17
1533809	0	17
1538622	0	17
1540413	0	17
1544354	0	17
1552074	0	17
1564132	0	17
1567346	0	17
1569379	0	17
1570456	0	17
1581470	0	17
1618394	0	17
1762068	0	17
1764017	0	17
1764411	0	17
1781429	0	17
1784555	0	17
1784707	0	17
1784745	0	17
1784748	2	17
1784778	0	17
1784817	0	17
1885440	2	17
2213305	2	17
2374788	1	17
2442959	1	17
2442981	2	17
2569193	2	17
2572068	2	17
2572586	1	17
2600825	2	17
2609891	2	17
2678139	1	17
2688143	1	17
2740293	2	17
2760525	1	17
2783077	2	17
2816793	2	17
2821393	2	17
2830945	2	17
2833155	2	17
2836925	2	17
2848006	2	17
2853788	2	17
3016143	2	17
3031281	1	17
3041043	1	17
3047832	1	17
3068583	2	17
3073909	2	17
3075160	1	17
3101356	2	17
3108731	1	17
3113153	2	17
3113183	2	17
3122091	1	17
3122097	1	17
3148882	1	17
3183690	2	17
3192212	2	17
3214511	1	17
3227160	2	17
3229087	1	17
3251528	1	17
3299162	1	17
3304619	2	17
3328985	1	17
3351958	2	17
3395037	1	17
3396109	1	17
1036006	0	18
1036420	0	18
1065094	0	18
1081546	0	18
1082148	0	18
111181	0	18
1140052	0	18
116587	0	18
1174872	0	18
1175909	0	18
1175926	2	18
1177960	0	18
1180831	0	18
1181818	0	18
1181870	0	18
1208923	0	18
1208965	0	18
125311	1	18
1253667	0	18
1262735	0	18
1269433	0	18
1269467	0	18
1277828	0	18
1277829	0	18
1277864	0	18
1315066	0	18
137249	2	18
1373687	0	18
137602	0	18
1379641	0	18
1397847	0	18
1397863	0	18
1440867	0	18
1448179	0	18
1464386	0	18
1469523	0	18
1474998	0	18
1475846	0	18
1502064	0	18
1513329	0	18
1538628	0	18
1544354	0	18
1550805	0	18
1550928	0	18
1550940	0	18
1550955	0	18
1550961	2	18
1550969	0	18
1563448	0	18
1568587	0	18
1569017	0	18
1613243	0	18
1624848	0	18
1664556	0	18
1697813	0	18
1702343	0	18
1750965	0	18
1750984	0	18
1751042	0	18
1761145	0	18
1762324	0	18
1764728	0	18
1781429	0	18
1781433	0	18
1781496	0	18
1784101	0	18
1802750	0	18
1821329	0	18
1824724	0	18
1998881	2	18
2206446	2	18
2206519	2	18
2228383	2	18
2246223	2	18
2575565	2	18
2575584	2	18
2575599	2	18
2631222	2	18
2686975	1	18
2688343	2	18
2717442	2	18
2750143	2	18
2755787	2	18
2756346	2	18
2759914	2	18
2784403	2	18
2794498	1	18
2799007	1	18
2799065	1	18
2825552	2	18
2888325	2	18
2933117	2	18
2944247	2	18
2995900	2	18
3043756	2	18
3108768	2	18
3116003	2	18
3199906	2	18
3205656	2	18
3218965	2	18
3219003	1	18
3219018	2	18
3219034	1	18
3219287	2	18
3224471	2	18
3226299	2	18
3257034	2	18
3290847	2	18
3310988	1	18
3333660	1	18
3351253	2	18
3354405	2	18
3363766	1	18
3387587	2	18
3387614	2	18
3387629	2	18
3409957	2	18
3474147	2	18
3483834	2	18
3484552	2	18
3507390	2	18
3519588	2	18
3521774	2	18
3534058	2	18
3546087	2	18
3546089	2	18
3549924	1	18
3567877	2	18
3576734	2	18
3580664	2	18
1036275	0	19
1036506	0	19
1036566	0	19
1044450	0	19
1082199	0	19
1082241	0	19
1082319	0	19
1112589	0	19
1112598	0	19
1180860	1	19
1182400	2	19
1183200	0	19
1183227	0	19
1184093	0	19
1190202	0	19
1190204	0	19
1201147	0	19
1201178	0	19
1240788	0	19
1240816	0	19
1241564	0	19
1241733	0	19
1241778	0	19
1241976	0	19
1242151	0	19
1242223	0	19
1251637	0	19
1266310	0	19
1266380	1	19
1277009	0	19
1291398	0	19
1314921	0	19
1316906	0	19
1318457	1	19
1318461	0	19
1326214	0	19
1332000	0	19
1373687	0	19
1386666	0	19
1440864	0	19
1448174	0	19
1448191	0	19
1450293	1	19
1456978	0	19
1456992	0	19
1459185	1	19
1469395	0	19
1469460	0	19
1469683	0	19
1469800	0	19
1470077	0	19
1471788	0	19
1474397	0	19
1474420	0	19
1474884	0	19
1475136	0	19
1475844	1	19
1519247	0	19
1519330	0	19
1519647	0	19
1519673	0	19
1519920	0	19
1533902	0	19
1538622	0	19
1543630	2	19
1559608	0	19
1559688	0	19
1566460	0	19
1566561	0	19
1566591	0	19
1567191	0	19
1567313	0	19
1567327	0	19
1568469	0	19
1569122	0	19
1569142	0	19
1586011	2	19
1590052	0	19
1617089	0	19
1621058	0	19
1621066	0	19
1634746	0	19
1637097	0	19
1664583	0	19
1698474	0	19
1824716	1	19
1904196	1	19
1914238	1	19
1914254	1	19
1936995	1	19
1950520	1	19
1976312	2	19
2040141	2	19
2206034	2	19
2213673	1	19
2253537	1	19
2254469	1	19
2263060	1	19
2430546	1	19
2483261	1	19
2515091	1	19
2553052	1	19
2602996	1	19
2612686	1	19
2634686	1	19
2636788	1	19
2639567	1	19
2667582	1	19
2693508	2	19
2702915	1	19
2713885	1	19
2740017	1	19
2740099	1	19
2762186	1	19
2771838	1	19
2780610	2	19
2785826	2	19
2820689	2	19
2825313	1	19
2826729	2	19
2833302	1	19
2852784	1	19
2879843	2	19
2879845	2	19
2912126	1	19
2929516	2	19
3009659	2	19
3029818	2	19
3051092	1	19
3073801	1	19
3097355	2	19
3129061	1	19
3155071	1	19
3166566	2	19
3177940	1	19
3271214	1	19
3271241	1	19
3292826	1	19
3343231	2	19
3400823	2	19
3400824	2	19
3420730	1	19
3420783	1	19
3426263	1	19
3438426	1	19
3473978	1	19
3479249	2	19
3489845	1	19
3503952	1	19
3512371	1	19
3522322	1	19
3527059	1	19
1035822	0	20
1044194	0	20
1065024	0	20
1082008	0	20
1082300	0	20
1097749	0	20
113776	0	20
117239	0	20
1180430	0	20
1184083	0	20
1187901	0	20
1187905	0	20
1193543	0	20
1277015	0	20
1277817	0	20
137242	0	20
1373687	0	20
1379641	0	20
1382225	0	20
1386707	0	20
1402320	0	20
1431558	0	20
1459264	1	20
1459268	1	20
1459269	0	20
1464386	0	20
1469457	0	20
1470087	0	20
1474619	0	20
1474624	0	20
1481535	0	20
1513559	0	20
1523371	1	20
1525177	0	20
1526416	0	20
153522	2	20
1544337	0	20
1550406	0	20
1550837	0	20
1553435	0	20
1557855	0	20
1560153	0	20
1564383	0	20
1569431	0	20
1570451	2	20
1570452	0	20
1578574	0	20
1586188	1	20
1592121	0	20
1618827	0	20
1635700	0	20
1636036	1	20
1654154	0	20
1675993	0	20
1687187	2	20
1712221	0	20
1716166	0	20
1751015	1	20
1770937	0	20
1781429	0	20
1781721	0	20
1784680	0	20
1805426	1	20
1810518	0	20
1828150	0	20
1891108	1	20
1892548	0	20
1899482	0	20
1899490	0	20
1906865	0	20
1914227	0	20
1933417	0	20
1933602	0	20
1936994	2	20
1976317	1	20
1977192	0	20
2007578	0	20
2007694	0	20
2007696	0	20
2007718	0	20
2007730	0	20
2007877	0	20
2007924	0	20
2008209	0	20
2008418	0	20
2008422	0	20
2008488	0	20
2008801	0	20
2009069	0	20
2039817	0	20
2045102	0	20
2045657	0	20
2070897	0	20
2070962	0	20
2071206	0	20
2071908	0	20
2073834	0	20
2083671	0	20
2098752	0	20
2106597	0	20
2116997	2	20
2125195	0	20
2132345	0	20
2133735	0	20
2135163	0	20
2135732	0	20
2136000	0	20
2136269	0	20
2139862	0	20
2139865	0	20
2140186	0	20
2141131	0	20
2151855	0	20
2194704	0	20
2199188	0	20
2202780	2	20
2212070	0	20
2222229	0	20
2222677	1	20
2225415	0	20
2241638	0	20
2241764	0	20
2245957	1	20
2253541	0	20
2254639	2	20
2258295	2	20
2258299	0	20
2266718	1	20
2279110	0	20
2311282	2	20
2323545	0	20
2330057	0	20
2358881	0	20
2360221	0	20
2361371	0	20
2363678	0	20
2423870	2	20
2448938	1	20
2536181	1	20
2546374	2	20
2553050	2	20
2584009	1	20
2588821	1	20
2628097	2	20
2637899	2	20
2656964	2	20
2656981	1	20
2667168	2	20
2700595	1	20
2702886	1	20
2726548	1	20
2740038	1	20
2740109	1	20
2749011	1	20
2769322	2	20
2805600	1	20
2822176	2	20
2823150	2	20
2829468	1	20
2835690	2	20
2846859	1	20
2869440	1	20
2884449	2	20
2892435	1	20
2902452	2	20
2903521	2	20
2918628	2	20
2924549	1	20
2933699	1	20
2936927	2	20
2938506	2	20
2966580	1	20
2972610	2	20
2977075	2	20
2984407	1	20
3004513	1	20
3015287	2	20
3015509	2	20
3015846	2	20
3016817	1	20
3022694	2	20
3043450	2	20
3047893	1	20
3075161	1	20
3088392	2	20
3097568	2	20
3099062	1	20
3101356	2	20
3108289	1	20
3113185	1	20
3121590	2	20
3123199	2	20
3123852	1	20
3127318	1	20
3129103	1	20
3145093	2	20
3160360	2	20
3161023	2	20
3170312	1	20
3180596	1	20
3195765	2	20
3200117	2	20
3201103	2	20
3209994	1	20
3215995	2	20
3236146	2	20
3249852	2	20
3259121	2	20
3263603	1	20
3273785	2	20
3311001	1	20
3326743	2	20
3350007	1	20
3350049	2	20
3382696	1	20
3396109	2	20
3410093	2	20
3443655	2	20
3467606	1	20
3468117	2	20
3468765	1	20
3470986	2	20
3479014	2	20
3481223	2	20
3502811	2	20
3516932	1	20
3521404	2	20
3531646	2	20
3538640	2	20
3542893	1	20
1033620	0	21
1033698	0	21
1036022	0	21
1036808	0	21
1036935	0	21
1065341	2	21
1079905	0	21
1087888	0	21
113745	0	21
1174947	0	21
1174953	2	21
117777	0	21
1177983	0	21
1180708	0	21
1196497	0	21
1236920	0	21
1241761	0	21
1241769	0	21
1241777	0	21
1242010	0	21
1242069	0	21
1253515	0	21
1257422	1	21
1257438	0	21
1262718	0	21
1262784	0	21
1274280	0	21
1289160	0	21
128939	0	21
128942	0	21
1297588	0	21
1298324	0	21
1334181	0	21
1360095	0	21
1373687	0	21
1375236	0	21
1391977	0	21
1397827	0	21
1397847	0	21
1397860	0	21
1397863	0	21
140017	0	21
1420318	0	21
1435909	0	21
1435910	0	21
1459118	2	21
1459119	0	21
1463904	0	21
1464381	0	21
1464384	0	21
1475558	0	21
1475560	0	21
1475876	0	21
1475939	0	21
149378	0	21
149382	0	21
1513194	0	21
1519006	0	21
1526566	0	21
1526618	2	21
1526638	2	21
1526641	2	21
154572	0	21
1553435	0	21
1564284	0	21
1574344	1	21
1618394	0	21
165035	2	21
165046	0	21
165061	2	21
1702536	0	21
1764010	0	21
1779374	1	21
1779377	1	21
1779408	2	21
1779422	2	21
1779435	2	21
1779609	0	21
1781429	0	21
1781434	0	21
17815	0	21
1781604	0	21
1784079	1	21
1794505	2	21
1802750	0	21
1803779	0	21
1847827	0	21
1860058	1	21
1860070	0	21
1869029	0	21
1885430	1	21
1887527	0	21
1904475	0	21
1906872	0	21
1914402	0	21
1914407	0	21
1934376	0	21
1936358	1	21
193724	2	21
194618	0	21
1971265	0	21
1976737	0	21
1977086	0	21
2001494	0	21
2001889	0	21
2008202	0	21
2008516	0	21
2010882	0	21
2025313	0	21
2050007	0	21
2062957	0	21
2072951	0	21
2096525	0	21
2106620	0	21
2109720	0	21
2111417	0	21
2112823	0	21
2115762	0	21
2115771	0	21
2117019	0	21
2120859	0	21
2125417	0	21
2128079	0	21
2128139	0	21
2131114	0	21
2131337	0	21
2131649	0	21
2131921	0	21
2132358	0	21
2133269	0	21
2133777	0	21
2134974	0	21
2135245	0	21
2135301	0	21
2135600	0	21
2136325	0	21
2136335	0	21
2136552	0	21
2137018	0	21
2137255	1	21
2137556	0	21
2140182	0	21
2140416	0	21
2141405	0	21
2170447	0	21
2174495	0	21
2180666	2	21
2186664	0	21
2186955	0	21
2187363	0	21
2187644	0	21
2188548	2	21
2189933	0	21
2190927	0	21
2190958	0	21
2191871	0	21
2192522	0	21
2193210	0	21
2193409	0	21
2193634	1	21
2193846	2	21
2195252	0	21
2206021	2	21
2206349	2	21
2211766	2	21
2214826	2	21
2374470	2	21
2374473	2	21
2377340	2	21
2390549	1	21
2526068	2	21
2592791	2	21
2592800	2	21
2598825	2	21
2642852	2	21
2650979	2	21
2656253	2	21
2672233	2	21
2687656	2	21
2722012	2	21
2722751	2	21
2726506	2	21
2732791	2	21
2738311	2	21
2763717	1	21
2777903	2	21
2779290	2	21
2787270	2	21
2789586	2	21
2807152	2	21
2822250	1	21
2833576	2	21
2856385	2	21
2857803	2	21
2888204	2	21
2941754	2	21
2965916	2	21
2981848	2	21
2987328	1	21
3019058	2	21
3033530	2	21
3042616	2	21
3044791	2	21
3045886	1	21
3046515	2	21
3087414	2	21
3093930	2	21
3099202	2	21
3108200	2	21
3120985	2	21
3132014	2	21
3132017	2	21
3132697	1	21
3135110	1	21
3138087	2	21
3143101	1	21
3151599	2	21
3177362	2	21
3177938	2	21
3184045	2	21
3194612	2	21
3194630	2	21
3196871	2	21
3201107	2	21
3224515	1	21
3227425	2	21
3237274	2	21
3239336	2	21
3240161	2	21
3241370	2	21
3262532	1	21
3262772	2	21
3263087	2	21
3275113	1	21
3276022	1	21
3276790	1	21
3295660	1	21
3307463	2	21
3308098	2	21
3317086	1	21
3327025	1	21
3330312	1	21
3331880	1	21
3334060	2	21
3343432	2	21
3361854	1	21
3364667	2	21
3367406	2	21
3375451	1	21
3385850	2	21
3395176	1	21
3395333	1	21
3399342	2	21
3407018	1	21
3410306	2	21
3413961	2	21
3420510	1	21
3420570	2	21
3420725	1	21
3424871	1	21
3428170	1	21
3437177	2	21
3459357	2	21
3459702	1	21
3460634	2	21
3465901	1	21
3512311	2	21
3512775	2	21
3546453	1	21
3551686	1	21
3561694	1	21
3564269	2	21
1036735	0	22
1044109	0	22
1044652	0	22
1044720	0	22
1079939	0	22
1081425	0	22
1081870	0	22
1082065	0	22
115203	0	22
1184083	0	22
1187892	0	22
1215513	0	22
1240388	0	22
1242259	0	22
1291375	0	22
1308822	0	22
1322224	0	22
1403776	0	22
1458326	0	22
1459264	0	22
1464381	0	22
1464384	0	22
149382	0	22
1526710	0	22
1538575	0	22
1553435	0	22
155650	0	22
1574330	0	22
1581458	0	22
1618827	0	22
1634861	0	22
1634864	0	22
166149	0	22
1712352	0	22
1764010	0	22
1779609	0	22
1781429	0	22
1784639	0	22
1785367	0	22
1802750	0	22
2245959	1	22
2365938	1	22
2385905	1	22
2442045	1	22
2449135	1	22
2467416	1	22
2475384	1	22
2478665	1	22
2546371	1	22
2546372	1	22
2562359	1	22
2575197	1	22
2644320	1	22
2659845	1	22
2726470	1	22
2736155	1	22
2740171	1	22
2821651	2	22
2998004	2	22
2998026	2	22
3015229	1	22
3015272	1	22
3015275	2	22
3015359	2	22
3015535	2	22
3015536	1	22
3015668	2	22
3015684	1	22
3015692	1	22
3015793	2	22
3015967	1	22
3016470	2	22
3016484	1	22
3016825	2	22
3017973	2	22
3030794	2	22
3113179	1	22
3183543	1	22
3191386	2	22
3261406	2	22
1033607	0	23
1034203	0	23
1034981	0	23
1036214	0	23
1036491	0	23
1036619	0	23
1036724	0	23
1036870	0	23
1036896	0	23
1036987	0	23
1037001	0	23
1037147	0	23
1043870	0	23
1044022	0	23
1044423	0	23
1044720	0	23
1065026	0	23
1065046	0	23
1065057	0	23
1065094	0	23
1065095	0	23
1065114	0	23
1079947	1	23
1082004	0	23
1082005	0	23
1082197	0	23
1082621	0	23
1087854	0	23
1087857	0	23
111183	0	23
1112595	0	23
1139191	0	23
1139350	0	23
1156954	0	23
1168908	1	23
1174869	0	23
1177931	0	23
1187925	1	23
1208905	0	23
1253764	0	23
1257451	0	23
1257555	0	23
1269449	1	23
1276800	0	23
1276802	0	23
1277009	0	23
1277866	0	23
1283982	0	23
1297597	0	23
1297611	0	23
1297626	0	23
1326214	0	23
1351206	0	23
137231	0	23
137396	0	23
1386666	1	23
1386680	0	23
1440793	0	23
1459268	0	23
1459932	0	23
1459933	0	23
1464140	0	23
1464148	0	23
1464382	0	23
1474586	0	23
1479817	1	23
1479820	0	23
1481583	1	23
1483837	1	23
1488827	1	23
1524947	1	23
1524986	1	23
1533806	0	23
1544343	0	23
1550411	0	23
1584227	0	23
1592076	1	23
1617112	0	23
1618386	0	23
1629021	0	23
1633737	1	23
1635565	0	23
1638037	0	23
1657024	0	23
169187	0	23
1697818	1	23
1698484	0	23
1750982	0	23
1780052	0	23
1781075	0	23
1804297	0	23
1821020	1	23
1828053	0	23
1829162	0	23
1868965	0	23
1892149	0	23
1920530	0	23
1925127	0	23
193681	0	23
1949836	1	23
1976320	0	23
1995203	0	23
2001148	0	23
2014765	0	23
2048957	1	23
2050007	0	23
2078590	0	23
2082036	0	23
2096525	0	23
2098753	0	23
2128199	0	23
2132358	0	23
2135496	0	23
2136325	0	23
2137979	0	23
2140793	0	23
2147297	0	23
2150132	0	23
2246097	2	23
2442901	1	23
2528206	1	23
2528214	1	23
2528218	1	23
2629961	2	23
2629967	2	23
2629982	2	23
2650592	1	23
2650594	1	23
2650603	2	23
2650609	1	23
2672796	1	23
2672797	1	23
2684714	2	23
2685145	2	23
2687595	1	23
2692114	2	23
2692120	2	23
2695191	2	23
2695197	2	23
2695619	2	23
2699821	2	23
2699958	2	23
2699965	1	23
2706597	1	23
2706605	1	23
2706608	2	23
2706609	1	23
2707151	1	23
2707157	2	23
2707802	2	23
2707808	2	23
2707811	2	23
2739483	2	23
2799410	1	23
2802352	1	23
2846152	2	23
2848004	2	23
2865026	1	23
2876086	2	23
2939681	1	23
2941920	2	23
2962297	1	23
2962302	2	23
2988175	2	23
3004609	2	23
3016307	1	23
3047913	1	23
3062119	1	23
3072154	2	23
3107698	2	23
3109340	2	23
3141809	1	23
3165919	1	23
3170646	2	23
3177593	2	23
3206765	2	23
3206766	2	23
3217852	1	23
3219759	2	23
3257951	1	23
3266210	2	23
3282915	2	23
3321723	2	23
3325000	2	23
3359241	2	23
3365251	1	23
3370314	1	23
3372934	1	23
3430121	1	23
3436640	2	23
3436722	1	23
3457839	2	23
3459658	1	23
3463056	1	23
3475004	2	23
3478173	2	23
3479064	2	23
3485098	1	23
3511775	2	23
3514008	2	23
3530855	1	23
3553649	1	23
1033700	0	24
1034063	0	24
1034986	0	24
1036980	0	24
1044537	0	24
1044697	0	24
1044713	0	24
1065003	2	24
1065004	0	24
1065069	0	24
1065101	0	24
1082051	0	24
1082480	0	24
1175911	2	24
1253515	0	24
126211	0	24
1269467	0	24
1277826	0	24
1297605	0	24
1297619	0	24
1352359	0	24
1369001	0	24
137231	0	24
137237	1	24
137240	2	24
137249	0	24
137310	0	24
137602	0	24
1402327	0	24
1448205	0	24
1458326	0	24
1459124	0	24
1459264	0	24
1459265	0	24
1464381	0	24
1464384	0	24
1475565	0	24
1475937	0	24
1482716	0	24
1513525	0	24
1513568	0	24
1523371	1	24
1553435	0	24
1564132	0	24
1569431	0	24
1569640	0	24
1570451	0	24
1584238	0	24
1602196	0	24
1618827	0	24
1621059	0	24
1621098	0	24
1634741	1	24
1637237	0	24
165419	0	24
165422	0	24
1664556	0	24
1687187	1	24
1712221	1	24
1751002	0	24
1761145	0	24
1764010	0	24
1769371	0	24
1781429	0	24
1784555	0	24
1784620	0	24
1784650	0	24
1784680	0	24
1797062	0	24
1802750	0	24
1808453	0	24
1821329	0	24
1832179	0	24
1852285	0	24
1876232	1	24
1891108	0	24
1892548	0	24
1899486	0	24
1914049	0	24
1914302	0	24
1914304	0	24
2151863	1	24
2151899	1	24
2206489	1	24
2222677	1	24
2387157	1	24
2475515	1	24
2667168	1	24
2672300	1	24
2683798	2	24
2702950	1	24
2734531	1	24
2740109	2	24
2783104	2	24
2815823	2	24
2822176	1	24
2827072	1	24
2887168	1	24
2887184	1	24
2895169	1	24
29048	2	24
2907361	1	24
2977075	2	24
2992067	1	24
3015657	1	24
3015742	1	24
3015787	1	24
3015800	2	24
3015946	1	24
3016124	1	24
3016176	1	24
3016809	1	24
3030803	1	24
3096911	1	24
3097557	1	24
3132362	1	24
3132363	1	24
3132364	1	24
3170179	2	24
3178521	1	24
3195329	1	24
3248865	1	24
3259121	2	24
3261389	1	24
3295742	1	24
3299142	1	24
3300932	2	24
3307080	1	24
3327282	1	24
3336896	1	24
3338082	1	24
3355033	1	24
3389850	1	24
3435936	1	24
3468117	1	24
3492969	1	24
3493049	1	24
3502264	1	24
3519039	1	24
3523444	1	24
3532171	1	24
3542897	2	24
3558709	1	24
3579987	1	24
1033557	0	25
1033658	0	25
1033935	0	25
1034142	0	25
1034145	0	25
1036535	0	25
1036812	0	25
1043943	0	25
1044162	0	25
1044194	0	25
1044343	0	25
1044486	0	25
1044596	0	25
1065055	0	25
1065090	0	25
1065095	0	25
107839	0	25
1081910	0	25
1082008	0	25
1082184	0	25
1082445	0	25
1082486	0	25
1082593	0	25
1139015	0	25
1139123	0	25
1175911	0	25
1180430	0	25
137370	2	25
1414004	2	25
1414023	2	25
2151894	2	25
2375967	2	25
2424119	2	25
2447617	2	25
2517085	2	25
2518379	2	25
2536546	2	25
2556735	2	25
2566562	2	25
2575601	2	25
2700595	2	25
2703212	2	25
2709613	2	25
2811919	2	25
2811943	2	25
2819256	2	25
2909783	2	25
2911700	2	25
2931126	2	25
3026928	2	25
3097575	2	25
3162713	2	25
3209993	2	25
3363371	2	25
101408	2	26
1036089	0	26
1036441	0	26
1036502	0	26
1036755	0	26
1044072	0	26
1079879	0	26
1082436	0	26
1087872	0	26
111499	0	26
1139117	0	26
1139769	0	26
1140945	0	26
1140959	0	26
1181892	0	26
1182388	0	26
1187919	0	26
1190209	2	26
1193983	0	26
1199615	0	26
1208942	0	26
1215468	0	26
1240068	0	26
1240386	0	26
1241328	0	26
1241495	0	26
1249588	0	26
1261513	0	26
1262624	0	26
1262759	0	26
1277928	0	26
1277929	0	26
1277932	0	26
1308854	2	26
1317031	0	26
1325238	0	26
1326208	0	26
1327715	0	26
1351186	0	26
1360643	0	26
1373639	0	26
137939	0	26
1388225	0	26
1397805	0	26
1402300	0	26
1434477	0	26
1434483	0	26
1440294	0	26
1459114	0	26
1464146	0	26
1464384	0	26
1464399	0	26
1469828	0	26
1470048	0	26
1474375	0	26
1474929	0	26
1475560	0	26
1488893	0	26
1533839	2	26
1564027	2	26
1784581	2	26
1802871	2	26
1805504	2	26
1941736	2	26
2020466	2	26
2048661	2	26
2169253	2	26
2277457	2	26
2364524	2	26
2396646	2	26
2442721	2	26
2500040	2	26
2621393	2	26
2621421	2	26
2632633	2	26
2662423	2	26
2671450	2	26
2716359	2	26
2771031	2	26
2817700	2	26
2821918	2	26
2878224	2	26
2891813	2	26
2993958	2	26
3002144	2	26
3010999	2	26
3062442	2	26
3064892	2	26
3071276	2	26
3108318	2	26
3121651	2	26
3123601	2	26
3135562	2	26
3161113	2	26
3170143	2	26
3224336	2	26
3268102	2	26
3294402	2	26
3294539	2	26
3294930	2	26
3308704	2	26
3329036	2	26
3346948	2	26
3348951	2	26
3350389	2	26
3395692	2	26
3453493	2	26
3499992	2	26
3570914	2	26
3579948	2	26
1069666	0	27
1079798	1	27
1097718	1	27
1139905	0	27
1160572	0	27
1160591	0	27
1164411	2	27
1182401	0	27
1183253	0	27
122065	1	27
1261516	0	27
1274323	0	27
128860	1	27
1291396	0	27
1298337	0	27
130140	0	27
130964	2	27
1343550	0	27
1351173	0	27
1369001	0	27
1374667	0	27
137589	0	27
1379634	0	27
138500	0	27
1386670	0	27
1386699	0	27
1414034	0	27
1456964	0	27
1459121	0	27
1459147	0	27
1464381	0	27
1464384	0	27
1464385	0	27
1468413	1	27
1471777	0	27
1475889	0	27
1526603	0	27
1564426	0	27
1567225	0	27
1569372	0	27
1569882	0	27
1574321	1	27
1609104	0	27
1619718	1	27
1626073	1	27
165417	0	27
1716812	1	27
1764010	0	27
1764411	2	27
1781429	0	27
1781597	0	27
1784097	0	27
1794225	0	27
1832179	0	27
1847830	0	27
1853078	1	27
1867816	0	27
1868735	0	27
1891278	1	27
1910602	1	27
1936288	0	27
1936313	0	27
1942180	0	27
194902	0	27
1964547	0	27
1971256	0	27
1971372	0	27
1976608	1	27
1977004	0	27
1977176	0	27
1977475	0	27
1977564	0	27
1977865	0	27
2001389	0	27
2001555	0	27
2001743	2	27
2001908	0	27
2002404	0	27
2007752	0	27
2007933	0	27
2007993	0	27
2008070	0	27
2008158	0	27
2008365	1	27
2008529	0	27
2008663	1	27
2009205	1	27
2009549	1	27
2010137	0	27
2010206	1	27
2010243	0	27
2010515	0	27
2010564	1	27
2010758	0	27
2011100	0	27
2011114	0	27
2011294	0	27
2033331	1	27
2039779	1	27
2040152	0	27
2040155	1	27
2045078	1	27
2048992	0	27
2063047	0	27
2063105	0	27
2063938	1	27
2071239	2	27
2073552	0	27
2073765	0	27
2098751	0	27
2112815	0	27
2120913	1	27
2131114	0	27
2137813	1	27
2150072	1	27
2174811	1	27
2204026	0	27
2220024	0	27
2228180	0	27
2232037	0	27
2246976	0	27
2246999	0	27
2247320	1	27
2254640	0	27
2259331	1	27
2267738	0	27
2292155	0	27
2322927	0	27
2324103	1	27
2359718	0	27
2359923	1	27
2359973	0	27
2359986	0	27
2360534	1	27
2361689	0	27
2362747	2	27
2362869	2	27
2363293	2	27
2364167	2	27
2366049	0	27
2366074	0	27
2374411	1	27
2377048	1	27
2377088	1	27
2377328	0	27
2385249	0	27
2386133	1	27
2386495	1	27
2394323	1	27
2394324	0	27
2395429	0	27
2395447	0	27
2397406	0	27
2409333	0	27
2409350	1	27
2409590	0	27
2423373	1	27
2423611	0	27
2440380	0	27
2441622	0	27
2442097	1	27
2442945	0	27
2448099	0	27
2448207	0	27
2448229	0	27
2448269	0	27
2448282	0	27
2448638	2	27
2449131	0	27
2453007	1	27
2459162	0	27
2467409	0	27
2479874	0	27
2488397	1	27
2492852	1	27
2496697	0	27
2515291	1	27
2518080	1	27
2526433	0	27
2527302	1	27
2542395	2	27
2564833	1	27
2566566	0	27
2566573	1	27
2578976	0	27
2582449	0	27
2595438	0	27
2600783	0	27
2610029	1	27
2615294	0	27
2627155	1	27
2627450	1	27
2627597	0	27
2627712	0	27
2628170	1	27
2628171	0	27
2633324	1	27
2637891	1	27
2646790	0	27
2648737	0	27
2649069	0	27
2654869	0	27
2664807	1	27
2667937	1	27
2670000	1	27
2676285	1	27
2678864	2	27
2686156	2	27
2687647	1	27
2687682	0	27
2687766	1	27
2687775	0	27
2688344	1	27
2688666	1	27
2691665	2	27
2695684	1	27
2695685	2	27
2697381	1	27
2698112	0	27
270054	1	27
2702373	1	27
2702400	0	27
2708144	1	27
2713298	0	27
2714567	0	27
2719082	1	27
2725319	0	27
2726128	1	27
2729239	1	27
2731168	0	27
2732778	2	27
2734076	0	27
2734899	0	27
2735164	1	27
2735811	1	27
2736979	1	27
2736982	1	27
2738511	0	27
2741037	2	27
2741116	1	27
2747696	1	27
2748073	0	27
2752792	1	27
2758831	0	27
2759016	0	27
2759904	0	27
2760573	1	27
2760710	0	27
2760711	0	27
2762046	2	27
2762050	0	27
2764338	0	27
2765426	0	27
2768446	1	27
2769307	1	27
2769428	1	27
2771154	1	27
2772987	2	27
2774663	1	27
2777911	2	27
2779445	1	27
2779452	0	27
2782170	0	27
2788474	2	27
2791478	2	27
2794357	1	27
2794498	0	27
2797493	0	27
2798987	0	27
2799006	0	27
2799007	0	27
2799065	0	27
2801015	1	27
280655	1	27
2808329	0	27
2813098	0	27
2813652	1	27
2816853	0	27
2817804	2	27
2817805	0	27
2818151	1	27
2826300	0	27
2827102	0	27
2828397	1	27
2837058	1	27
2837291	1	27
2837297	1	27
2838224	0	27
2838759	0	27
2839999	1	27
2840002	2	27
2840009	2	27
2840014	2	27
2843649	1	27
2848203	0	27
2850516	1	27
2852601	1	27
2852697	1	27
2860392	1	27
2862176	1	27
2871668	0	27
2876274	2	27
2876297	1	27
2876299	1	27
2876303	1	27
2876304	1	27
2879827	0	27
2880686	0	27
2886267	0	27
2887527	0	27
2890890	0	27
2890891	0	27
2892437	0	27
2892687	1	27
2895173	0	27
2896733	0	27
2903953	1	27
2903954	0	27
2904730	0	27
2905323	1	27
2908446	0	27
2910034	0	27
2910301	0	27
2912375	0	27
2912863	1	27
2914265	1	27
2918863	0	27
2920196	0	27
2920711	1	27
2923788	1	27
2925815	2	27
2926674	0	27
2927604	0	27
2929423	0	27
2938984	0	27
2940217	0	27
2948500	1	27
2957708	0	27
2957716	0	27
2962782	0	27
2964787	1	27
2965715	1	27
2966613	1	27
2967835	1	27
2972201	0	27
2972238	1	27
2978869	0	27
2980629	1	27
2980637	0	27
2980649	0	27
2981052	0	27
2981839	1	27
2982083	0	27
2988711	1	27
2988858	1	27
2990091	0	27
2990396	2	27
2992915	0	27
2994464	0	27
2994792	1	27
2994888	1	27
2999595	1	27
3001711	1	27
3002374	0	27
3003207	1	27
3004370	2	27
3004491	0	27
3005213	2	27
3011290	1	27
3012322	0	27
3014836	1	27
3015243	1	27
3015544	2	27
3015622	1	27
3015657	1	27
3015658	0	27
3015866	2	27
3015867	0	27
3015883	1	27
3015884	0	27
3015910	0	27
3015912	0	27
3015953	0	27
3015959	2	27
3016028	2	27
3016168	1	27
3016743	0	27
3019601	1	27
3021307	1	27
3021308	0	27
3024923	0	27
3025371	1	27
3026616	1	27
3030791	2	27
3037327	0	27
3037991	1	27
3039799	2	27
3043425	2	27
3048090	2	27
3048199	1	27
3053216	1	27
3056219	1	27
3056415	1	27
3063214	0	27
3065216	0	27
3068125	1	27
3068495	1	27
3070260	1	27
3073807	2	27
3075165	1	27
3077743	2	27
3083050	1	27
3083058	1	27
3084169	0	27
3088751	1	27
3093771	0	27
3095252	1	27
3097341	1	27
3098790	1	27
3100233	0	27
3101231	1	27
3108663	0	27
3109311	1	27
3110996	0	27
3111162	1	27
3112115	0	27
3112117	1	27
3113988	0	27
3116129	0	27
3117715	0	27
3118379	1	27
3120795	1	27
3122101	1	27
3123296	0	27
3123563	0	27
3123646	1	27
3123829	0	27
3124030	1	27
3125656	0	27
3127745	0	27
3127748	0	27
3128257	1	27
3128367	2	27
3130970	2	27
3132999	0	27
3134184	1	27
3141693	0	27
3141699	1	27
3142516	0	27
3149672	1	27
3149991	1	27
3150373	0	27
3154132	0	27
3156902	0	27
3157405	1	27
3158850	2	27
3160575	0	27
3166812	0	27
3166896	0	27
3172520	0	27
3172658	1	27
3175197	1	27
3175343	2	27
3176243	1	27
3179760	0	27
3180149	2	27
3180150	0	27
3180413	0	27
3180598	2	27
3180600	2	27
3180665	1	27
3188476	1	27
3188819	0	27
3196709	1	27
3199093	0	27
3199241	0	27
3200132	0	27
3201938	1	27
3202244	1	27
3203034	1	27
3204968	0	27
3206464	0	27
3214684	0	27
3215177	0	27
3221649	0	27
3221833	1	27
3223940	2	27
3224052	1	27
3224925	2	27
3224935	0	27
3225305	0	27
3225819	0	27
3226355	1	27
3227164	0	27
3230082	0	27
3230102	0	27
3230830	1	27
3233461	1	27
3234123	1	27
3234125	2	27
3234159	1	27
3235481	0	27
3235582	1	27
3240859	1	27
3242057	0	27
3243849	0	27
3243860	0	27
3245898	2	27
3247868	2	27
3254205	1	27
3257138	1	27
3258555	1	27
3259331	0	27
3265630	2	27
3269354	0	27
3272625	1	27
3276486	0	27
3279772	0	27
3281354	1	27
3286557	1	27
3286732	1	27
3286741	1	27
3288496	0	27
3288901	1	27
3288909	1	27
3288920	1	27
3288921	2	27
3288928	2	27
3288931	2	27
3288934	2	27
3288937	1	27
3288939	1	27
3288944	2	27
3299364	1	27
3300424	0	27
3302104	1	27
3303534	1	27
3303710	1	27
3304079	1	27
3304081	1	27
3305541	1	27
3310782	1	27
3310994	0	27
3311639	1	27
3319995	1	27
3324920	1	27
3326682	2	27
3326694	1	27
3326977	1	27
3327265	0	27
3334759	0	27
3335362	2	27
3337865	1	27
3337866	0	27
3341484	1	27
3342884	0	27
3343155	1	27
3345599	0	27
3345922	0	27
3349853	0	27
3350186	0	27
3352582	0	27
3353167	2	27
3353298	2	27
3353299	0	27
3355924	1	27
3356064	0	27
3359208	0	27
3359430	1	27
3361262	0	27
3363056	1	27
3363060	0	27
3363066	1	27
3363118	2	27
3363119	1	27
3363120	1	27
3363130	2	27
3365666	1	27
3365671	1	27
3367154	2	27
3368255	0	27
3371901	1	27
3372247	1	27
3380239	0	27
3383756	0	27
3387582	0	27
3388327	2	27
3395314	2	27
3398631	0	27
3401495	0	27
3401920	1	27
3401934	2	27
3404172	1	27
3404651	0	27
3405341	1	27
3407244	0	27
3407452	2	27
3407736	2	27
3410368	2	27
3412677	2	27
3413882	0	27
3414059	2	27
3416731	0	27
3417547	1	27
3417875	1	27
3417891	1	27
3419875	0	27
3423676	1	27
3423677	2	27
3423832	0	27
3424905	0	27
3425442	0	27
3425978	1	27
3426787	0	27
3429751	1	27
3429824	1	27
3432824	1	27
3437782	1	27
3437789	0	27
3437999	1	27
3442737	0	27
3444411	0	27
3444426	1	27
3444435	1	27
3451775	0	27
3457043	1	27
3457959	1	27
3458979	1	27
3466094	0	27
3468396	0	27
3469395	0	27
3471431	2	27
3474461	1	27
3474773	2	27
3475687	1	27
3477563	0	27
3479943	1	27
3481244	2	27
3482219	0	27
3482598	2	27
3485663	0	27
3488510	0	27
3491231	2	27
3492653	1	27
3493016	1	27
3493301	2	27
3493305	0	27
3493738	1	27
3495012	0	27
3498283	1	27
3499903	0	27
3501494	0	27
3503392	0	27
3503657	0	27
3504424	2	27
3506086	0	27
3507628	0	27
3512482	0	27
3513321	2	27
3513598	0	27
3513841	1	27
3514212	0	27
3514484	1	27
3515435	2	27
3515437	0	27
3518095	1	27
3520596	2	27
3521933	1	27
3521943	1	27
3522345	1	27
3523539	1	27
3524166	0	27
3526487	0	27
3528427	0	27
3529315	1	27
3529426	0	27
3530430	1	27
3531042	0	27
3531940	1	27
3533100	1	27
3535726	1	27
3537200	0	27
3537269	0	27
3540656	0	27
3544271	0	27
3545331	0	27
3549337	0	27
3551416	0	27
3552552	0	27
3556155	0	27
3557386	1	27
3560387	0	27
3560658	0	27
3560802	1	27
3564572	1	27
3572313	1	27
3572359	1	27
3572815	1	27
3576243	0	27
3580935	1	27
3582084	0	27
3582356	0	27
3584831	2	27
3584835	1	27
3584840	1	27
3586510	1	27
3597902	1	27
3597903	0	27
3599261	0	27
3599268	0	27
3600036	1	27
3600188	1	27
3600192	1	27
3603063	0	27
3605862	0	27
3607780	0	27
3607964	0	27
3608257	0	27
3608321	0	27
3610419	0	27
3614550	0	27
3616297	0	27
3616309	0	27
3618918	0	27
3620935	0	27
3632172	0	27
1034116	0	28
1036734	0	28
1036737	0	28
1036762	0	28
1044227	0	28
1062158	0	28
1090597	0	28
1166572	0	28
1182232	0	28
1188073	0	28
1193557	0	28
1198256	0	28
1242040	0	28
1242146	0	28
1262751	0	28
1266027	0	28
1266397	0	28
1280397	0	28
1289292	0	28
1308861	0	28
1343574	0	28
1361773	0	28
137938	0	28
1410733	0	28
1410735	0	28
1440851	0	28
1459122	0	28
1459165	0	28
1459866	0	28
1469893	0	28
1474496	0	28
1481506	0	28
1483835	0	28
1484472	0	28
1502130	0	28
151798	0	28
1539014	0	28
154136	0	28
1555610	0	28
1557709	0	28
1557710	0	28
2034102	2	28
2668588	1	28
2712619	2	28
2752771	2	28
2755011	2	28
2770548	1	28
2825518	1	28
2887860	2	28
2970787	1	28
2977938	2	28
3119443	2	28
3125005	2	28
3136076	2	28
3146980	2	28
3183510	2	28
3193712	2	28
3198670	2	28
3205534	2	28
3249873	1	28
3277484	1	28
3296410	1	28
3356124	2	28
3356983	2	28
3368296	2	28
3375662	1	28
3408871	1	28
3420498	1	28
3429898	2	28
3461630	1	28
3475917	2	28
3476184	2	28
3476218	2	28
3483691	2	28
3510933	1	28
3510938	2	28
3529459	2	28
3544356	1	28
3562590	2	28
3575245	2	28
3598222	2	28
3615941	1	28
1033583	0	29
1037001	0	29
1037038	0	29
107028	0	29
1074710	0	29
1079847	0	29
1079931	0	29
1082058	0	29
1087494	0	29
1090584	0	29
1090585	0	29
1151653	0	29
1166565	0	29
1173097	0	29
1180448	0	29
1184084	2	29
1184085	0	29
1187894	0	29
1188071	0	29
1190205	0	29
1193542	0	29
1193553	0	29
1208898	2	29
1208901	0	29
1240199	0	29
1240820	0	29
1242225	0	29
1250227	0	29
1253658	0	29
1257461	0	29
1257646	0	29
126217	2	29
128872	0	29
128942	0	29
1297576	0	29
1298328	2	29
1298331	0	29
129996	0	29
130045	0	29
1308846	0	29
1315279	0	29
1315347	0	29
1327715	0	29
137937	0	29
137939	0	29
1386726	0	29
138712	0	29
138785	0	29
1388220	0	29
1413554	0	29
1471803	0	29
1480481	0	29
1502130	0	29
1513150	0	29
1513152	0	29
1519147	0	29
1519380	0	29
1519726	0	29
1519927	0	29
1524743	2	29
1524774	0	29
1526416	0	29
1550233	0	29
1550237	0	29
1550715	0	29
1563984	0	29
1566373	0	29
1566965	2	29
1584230	0	29
1586194	0	29
1609173	2	29
1618810	0	29
1621072	0	29
1661644	2	29
1779450	0	29
1781937	0	29
1781939	2	29
1866224	2	29
1936260	2	29
1936264	2	29
1937001	2	29
2040183	2	29
2050627	2	29
2248794	2	29
2267483	2	29
2267485	2	29
2277453	2	29
2289820	2	29
2322920	2	29
2329635	2	29
2544368	2	29
2546467	2	29
2546475	2	29
2566998	2	29
2588091	2	29
2612651	2	29
2613968	2	29
2643104	2	29
2682380	2	29
2685263	2	29
2685267	2	29
2697589	2	29
2699644	2	29
2703233	2	29
2714827	2	29
2727882	2	29
2728188	2	29
2766835	2	29
2817938	2	29
2895897	2	29
2899785	2	29
2909499	2	29
2931762	2	29
2940796	2	29
2947011	2	29
2948330	2	29
2971719	2	29
2971725	2	29
2971740	2	29
2990904	2	29
3034724	2	29
3082804	2	29
3095556	2	29
3102469	2	29
3131985	2	29
3132720	2	29
3135990	2	29
3139257	2	29
3139264	2	29
3141385	2	29
3169776	2	29
3186889	2	29
3232638	2	29
3264422	2	29
3273686	2	29
3276006	2	29
1033731	0	30
1034980	0	30
1036491	0	30
1036775	0	30
1036866	0	30
1036870	0	30
1036987	0	30
1037069	0	30
1037157	0	30
1044183	0	30
1044194	0	30
1044290	0	30
1044713	0	30
1079864	0	30
1079931	0	30
1081881	0	30
1082008	0	30
1082195	0	30
1087206	0	30
1087207	0	30
1097737	0	30
1139003	0	30
1139195	0	30
1139607	0	30
1139863	0	30
1175863	0	30
1175909	2	30
1180830	0	30
1185536	0	30
1192795	0	30
1201156	0	30
1232859	0	30
1241850	0	30
1257451	0	30
1266033	0	30
1274324	0	30
1283363	0	30
1299322	0	30
1308829	0	30
1315918	0	30
1318485	0	30
1369001	0	30
137242	0	30
137445	0	30
1397818	0	30
1409780	0	30
1435775	0	30
1448694	0	30
1459122	0	30
1471804	0	30
1474595	0	30
1474600	0	30
1474619	0	30
1474624	0	30
1475081	0	30
1513152	0	30
1519025	0	30
1523324	0	30
1526441	0	30
1533498	0	30
1533997	0	30
153495	0	30
153546	0	30
1540420	0	30
1550937	0	30
1550952	0	30
155634	2	30
1564006	0	30
1590051	2	30
1592077	0	30
1626463	2	30
1626486	0	30
1635700	0	30
1654186	0	30
1716834	0	30
1993952	2	30
1993984	2	30
1993997	2	30
1994028	2	30
1994035	2	30
2276892	2	30
2291334	2	30
2293961	2	30
2293964	2	30
2293969	2	30
2324209	2	30
2350132	2	30
2429901	2	30
2442122	2	30
2464772	2	30
2496985	2	30
2515416	2	30
2663435	2	30
2663442	2	30
2663448	2	30
2663456	2	30
2667172	2	30
2684577	2	30
2685235	2	30
2685385	2	30
2686260	2	30
2686340	2	30
2686947	2	30
2705819	2	30
270718	2	30
2710973	2	30
2762362	2	30
2762432	2	30
2769449	2	30
2779349	2	30
2782189	2	30
2784465	2	30
2801628	2	30
2804148	2	30
2860444	2	30
2882888	2	30
2882891	2	30
2901246	2	30
2922317	2	30
2958933	2	30
2998248	2	30
3014709	2	30
3033857	2	30
3049544	2	30
3072742	2	30
3139133	2	30
3157758	2	30
3166187	2	30
3172062	2	30
3172066	2	30
3172072	2	30
3172074	2	30
3172075	2	30
3172079	2	30
3172088	2	30
3180239	2	30
3198689	2	30
3212428	2	30
3281253	2	30
3310359	2	30
3312289	2	30
3333805	2	30
