pmcid	title	abstract	body	relevancy
2740160	0.20466393	0.20466393	0.2221337	0
3860673	0.19535281	0.19535281	0.21202777	0
3628471	0.18984891	0.18984891	0.20724303	0
1636036	0.18113342	0.18113342	0.19242361	1
3504246	0.17394683	0.17394683	0.18988395	0
2241764	0.163028	0.163028	0.1769438	0
3606293	0.16299863	0.16299863	0.17691192	0
3468117	0.1628069	0.1628069	0.1767038	2
3700455	0.16088474	0.16088474	0.17097585	0
3556292	0.15453687	0.15453687	0.16869564	0
2804570	0.15399012	0.15399012	0.1680988	0
3846152	0.15152663	0.15152663	0.15812533	0
3567954	0.15070893	0.15070893	0.16010273	0
3543893	0.14911342	0.14911342	0.15846622	0
3469334	0.14901449	0.14901449	0.15550381	0
3353295	0.1455714	0.1455714	0.15464497	0
3099090	0.14536333	0.14536333	0.15868162	0
2702886	0.1420619	0.1420619	0.15418805	1
3756167	0.14160575	0.14160575	0.15048766	0
3825967	0.14028051	0.14028051	0.1490793	2
3683417	0.1395104	0.1395104	0.15141876	0
3830836	0.13870153	0.13870153	0.15140946	0
3443655	0.13755181	0.13755181	0.14354196	2
3765128	0.13677791	0.13677791	0.14530338	1
2599801	0.13645656	0.13645656	0.142399	0
2443117	0.1356003	0.1356003	0.14410554	0
3817744	0.13503136	0.13503136	0.14655739	0
2908659	0.1346179	0.1346179	0.14306149	0
3845240	0.13456278	0.13456278	0.14604881	0
3295333	0.13298443	0.13298443	0.14516854	0
3395946	0.12995312	0.12995312	0.13810414	0
3121590	0.12913182	0.12913182	5.0165296	2
3858746	0.12855257	0.12855257	0.1341508	0
3601504	0.1283848	0.1283848	0.14014749	0
3874942	0.1282387	0.1282387	0.13998802	0
3614728	0.12705484	0.12705484	0.1386957	0
3095784	0.12649265	0.12649265	0.13437703	0
2330057	0.12643372	0.12643372	0.13431442	0
3385320	0.12641342	0.12641342	0.13429287	0
3763677	0.12539232	0.12539232	0.13320811	1
2984407	0.12498206	0.12498206	0.13282128	1
2630294	0.12451373	0.12451373	0.12993607	0
3519056	0.12284458	0.12284458	0.13050158	0
2745137	0.122329295	0.122329295	0.1276565	0
2830180	0.12182987	0.12182987	0.12713534	0
2682450	0.12107517	0.12107517	0.12866934	0
3426908	0.12073459	0.12073459	0.12826008	0
3335538	0.12066731	0.12066731	0.13172294	0
2646708	0.120018244	0.120018244	0.12524481	0
2847818	0.11986465	0.11986465	0.12508453	0
2862020	0.119653516	0.119653516	0.12486422	0
2576249	0.11959967	0.11959967	0.13055748	0
2729309	0.11891594	0.11891594	0.1290664	0
3075144	0.11887127	0.11887127	0.1263272	0
2628097	0.11870731	0.11870731	0.123876795	2
3580753	0.11844231	0.11844231	0.12929408	2
3212934	0.11793809	0.11793809	0.12528926	0
3004513	0.11768267	0.11768267	0.12846485	1
2984347	0.11738357	0.11738357	0.12470019	0
2648945	0.11724227	0.11724227	0.12459602	0
3372001	0.11712823	0.11712823	0.12222896	0
3195765	0.11692104	0.11692104	0.12690121	2
3852630	0.11688042	0.11688042	0.12197034	0
2783087	0.116239995	0.116239995	0.12353089	0
3443664	0.11596332	0.11596332	0.12586175	0
3115887	0.1155331	0.1155331	0.122779645	0
2656981	0.11431589	0.11431589	0.12148609	1
3489801	0.11390695	0.11390695	0.11886738	0
2898974	0.113658026	0.113658026	0.118607625	0
3311001	0.11345242	0.11345242	5.2347474	1
2672271	0.11304186	0.11304186	0.12008785	0
3500003	0.11299714	0.11299714	0.12264237	0
2908802	0.11235328	0.11235328	5.660971	0
3878495	0.11152528	0.11152528	0.11847674	0
2895172	0.111398	0.111398	0.11624919	0
3713330	0.111086346	0.111086346	0.12126416	0
3876522	0.110834144	0.110834144	0.11566077	1
2705356	0.11051377	0.11051377	0.11740219	0
3631787	0.110370345	0.110370345	0.117293075	0
3571852	0.11004077	0.11004077	0.119433664	0
3113190	0.109918736	0.109918736	0.11470551	0
3227694	0.10964344	0.10964344	0.11652057	0
3665058	0.109446645	0.109446645	0.11631144	0
3704959	0.10871794	0.10871794	0.118678756	0
2989946	0.10854094	0.10854094	0.117805794	0
3712003	0.108097106	0.108097106	0.11800105	0
3369671	0.10792002	0.10792002	0.11780773	0
2584009	0.10747922	0.10747922	0.112159744	1
3072006	0.10742969	0.10742969	0.114167966	0
2846859	0.10700204	0.10700204	4.5113854	1
3377020	0.10692445	0.10692445	0.11158081	0
3714936	0.10681934	0.10681934	0.11147113	0
3162699	0.10646036	0.10646036	0.11554764	0
3572695	0.106322095	0.106322095	0.1129909	0
3649624	0.10624631	0.10624631	0.11598068	0
1892548	0.106245644	0.106245644	0.11087245	0
3841528	0.10578	0.10578	0.11547163	0
3134918	0.105570056	0.105570056	0.110167444	0
2672241	0.10542564	0.10542564	0.11001674	0
2653027	0.10501403	0.10501403	0.11397785	0
3220812	0.104785256	0.104785256	0.1113166	0
3540647	0.1039259	0.1039259	0.11044441	0
2873547	0.103640154	0.103640154	0.11014075	0
3679758	0.10291527	0.10291527	0.112344444	0
3678496	0.10273229	0.10273229	0.10913568	0
2787203	0.10261039	0.10261039	0.109006174	0
3375193	0.10212734	0.10212734	0.10849302	0
2920084	0.10191754	0.10191754	0.11061704	0
2859736	0.10172089	0.10172089	0.10615065	0
3573792	0.10154258	0.10154258	0.10787181	0
2678982	0.101508826	0.101508826	0.11080913	0
3580349	0.100913815	0.100913815	0.10530843	0
555568	0.100697204	0.100697204	0.10929253	0
3463912	0.10059214	0.10059214	0.10686213	0
2572606	0.10033114	0.10033114	0.10662417	0
3403857	0.10025158	0.10025158	0.10653962	0
3259121	0.09952691	0.09952691	0.105730504	2
3231714	0.09918293	0.09918293	0.10350216	0
3015846	0.098728925	0.098728925	0.1030284	2
2740038	0.09847848	0.09847848	0.106884435	1
3860030	0.09846147	0.09846147	0.10748258	1
3299191	0.09793874	0.09793874	0.104043335	0
3887575	0.097824536	0.097824536	0.10396036	0
3523895	0.09761362	0.09761362	0.10373621	0
2887775	0.097120285	0.097120285	0.101349704	0
3860647	0.09692411	0.09692411	0.105197385	2
3539461	0.09670278	0.09670278	0.10091401	0
3439380	0.096617654	0.096617654	0.10546984	0
3560757	0.096374795	0.096374795	0.100571744	0
2672256	0.096331246	0.096331246	0.10515718	0
3649561	0.09582532	0.09582532	0.10460491	0
2740354	0.09566455	0.09566455	0.101664886	0
3747026	0.09564107	0.09564107	0.09980607	0
3030803	0.09548625	0.09548625	0.103636794	0
3336885	0.095437616	0.095437616	0.10138632	0
3177884	0.09539161	0.09539161	5.4329014	0
3445248	0.09514465	0.09514465	0.103861876	0
2630936	0.09473812	0.09473812	0.10282481	0
3492965	0.09465269	0.09465269	0.103324845	0
3854980	0.09463832	0.09463832	0.10057429	2
3746438	0.09447216	0.09447216	0.100360684	2
2691511	0.09430041	0.09430041	0.10294029	0
3369416	0.094232336	0.094232336	0.10227584	0
3227160	0.093966156	0.093966156	0.10257541	0
3419663	0.093939744	0.093939744	0.09803065	0
3193642	0.09393943	0.09393943	0.09803032	0
3700151	0.093891054	0.093891054	0.097979836	0
3482687	0.09382527	0.09382527	0.10242161	0
3502811	0.0935959	0.0935959	0.09942981	2
3038405	0.093361884	0.093361884	0.09918122	0
3571614	0.093091786	0.093091786	0.09889427	0
3015416	0.09296672	0.09296672	0.097015254	0
3860017	0.09246353	0.09246353	0.09822685	0
3530728	0.09216742	0.09216742	0.09791229	0
3309632	0.09214472	0.09214472	0.097924285	0
2656964	0.092126265	0.092126265	0.10056693	2
2790738	0.09207683	0.09207683	0.096086614	0
3419694	0.09203648	0.09203648	0.096044496	0
3508535	0.091966644	0.091966644	0.097698994	0
3789895	0.09189448	0.09189448	0.09589632	0
3520687	0.0915096	0.0915096	0.09724934	0
2851121	0.0911337	0.0911337	0.09891271	0
1564383	0.09105455	0.09105455	0.09673005	0
2803864	0.09104162	0.09104162	0.096716315	0
2884449	0.090474986	0.090474986	0.09819777	2
3183542	0.090153374	0.090153374	0.09407939	0
2908657	0.090117514	0.090117514	0.09573461	0
2930595	0.089783266	0.089783266	0.097447015	0
343284	0.08971223	0.08971223	0.09533923	0
2570216	0.08963317	0.08963317	0.095220074	0
3683414	0.08937959	0.08937959	0.094950676	0
3415800	0.08911062	0.08911062	0.09466496	0
2813640	0.08899071	0.08899071	0.09658681	0
2116997	0.088693894	0.088693894	0.09425701	2
1513559	0.08864118	0.08864118	0.094201	0
2848339	0.08847234	0.08847234	0.09398689	0
3379930	0.088468835	0.088468835	0.09657442	0
3556748	0.0884224	0.0884224	0.09393384	0
2553050	0.08831599	0.08831599	0.0938554	2
3618906	0.08802136	0.08802136	0.0935423	0
3015800	0.087844774	0.087844774	0.095343046	0
3639802	0.08784299	0.08784299	0.09534112	0
3209998	0.08775076	0.08775076	0.09322034	0
3404028	0.08765429	0.08765429	0.09568524	0
3141457	0.087637335	0.087637335	0.09313419	0
3291284	0.08732493	0.08732493	0.09477883	0
3401818	0.08725752	0.08725752	0.09273055	0
2989960	0.08701553	0.08701553	0.09444303	0
2202780	0.0869898	0.0869898	0.09441509	2
2820011	0.086586565	0.086586565	0.09035725	0
3555599	0.08645684	0.08645684	0.09022188	0
3094002	0.08644573	0.08644573	0.09436595	0
3080336	0.0862741	0.0862741	0.09165163	0
3253678	0.08604305	0.08604305	0.091406174	0
3144753	0.0855728	0.0855728	0.08929934	0
2740219	0.08534079	0.08534079	0.08905724	0
3691890	0.08521634	0.08521634	0.09249027	0
2916002	0.08514982	0.08514982	0.09241807	0
2888359	0.08476994	0.08476994	0.09005373	0
3681648	0.084736645	0.084736645	0.09005156	0
2821393	0.08472262	0.08472262	0.08841214	0
3286878	0.08465217	0.08465217	0.08996179	0
1891108	0.08454434	0.08454434	0.088226095	1
3193634	0.08431005	0.08431005	0.08956516	0
2526417	0.08430096	0.08430096	0.08797211	0
3376597	0.08428502	0.08428502	0.08957161	0
3841531	0.083964884	0.083964884	0.08919848	0
1635700	0.08394913	0.08394913	0.091640614	0
3413830	0.083890826	0.083890826	0.08911981	0
2657235	0.08381884	0.08381884	0.089043334	0
3535134	0.08381016	0.08381016	0.08903412	0
3601500	0.08378033	0.08378033	0.08900242	2
2769322	0.08374488	0.08374488	0.08739182	2
3108289	0.08368595	0.08368595	0.08890215	1
3132366	0.08328323	0.08328323	0.08691006	0
3524783	0.08296168	0.08296168	0.08813275	0
3250652	0.082811594	0.082811594	0.08800576	0
3145084	0.0826131	0.0826131	0.087762445	0
3214823	0.08259887	0.08259887	0.0861959	0
3678886	0.08258356	0.08258356	0.08963275	0
324410	0.08252072	0.08252072	0.0876643	0
3555553	0.082363136	0.082363136	0.08939351	1
3591015	0.082328215	0.082328215	0.08987119	0
3521404	0.0821293	0.0821293	0.08965404	2
3490885	0.08205301	0.08205301	0.0871996	0
3880487	0.08187005	0.08187005	0.08937103	0
481084	0.081675686	0.081675686	0.086798616	0
3594917	0.08146632	0.08146632	0.08842014	0
3611603	0.08129494	0.08129494	0.088234134	0
2724433	0.081225134	0.081225134	0.08628796	0
2980723	0.081207715	0.081207715	0.08813946	0
3357616	0.08102764	0.08102764	0.08455625	0
436062	0.080879405	0.080879405	0.08828964	0
2835690	0.0802127	0.0802127	0.08756184	2
2974906	0.07998231	0.07998231	0.084967665	0
3292995	0.07989687	0.07989687	0.08490821	0
3471445	0.07972937	0.07972937	0.08703423	0
3159366	0.07971177	0.07971177	0.084711514	0
2740088	0.07967076	0.07967076	0.086471304	0
2672220	0.079574965	0.079574965	0.086865686	0
2375948	0.0794531	0.0794531	0.08623508	0
3137826	0.07924094	0.07924094	0.08650105	0
3833645	0.07914982	0.07914982	0.086401574	0
2765935	0.07903168	0.07903168	0.085777685	0
3892006	0.078977525	0.078977525	0.0857189	0
3588206	0.07885647	0.07885647	0.08558752	0
3601021	0.07846821	0.07846821	0.08338995	0
3445081	0.078395225	0.078395225	0.0818092	0
3342549	0.07816176	0.07816176	0.08483351	0
2881079	0.07812454	0.07812454	0.0829941	0
2567981	0.077995226	0.077995226	0.0828873	0
3107160	0.07793734	0.07793734	0.08507802	0
2311282	0.07778696	0.07778696	0.082665965	2
2988864	0.07753021	0.07753021	0.08090651	0
3423012	0.07731195	0.07731195	0.082130864	0
1618827	0.07702734	0.07702734	0.083602265	0
2746801	0.077017285	0.077017285	0.08037125	0
3087701	0.07694972	0.07694972	0.08030075	0
3580632	0.07683237	0.07683237	0.083390646	0
2672275	0.07641735	0.07641735	0.083418764	0
3350049	0.076117694	0.076117694	0.08086218	2
3000625	0.0756726	0.0756726	0.08038933	0
2637899	0.07557267	0.07557267	0.08249669	2
3664678	0.07554739	0.07554739	0.08025632	0
2989115	0.07533337	0.07533337	0.078614004	0
2740076	0.07525578	0.07525578	0.08167948	0
3696305	0.07525294	0.07525294	0.07853007	0
3644739	0.075217605	0.075217605	0.07849319	1
2045102	0.07488625	0.07488625	0.07814741	0
3728613	0.074649915	0.074649915	0.0814894	0
3764660	0.07453152	0.07453152	0.07920634	0
3514377	0.07446149	0.07446149	0.081283696	0
3391837	0.074310504	0.074310504	0.08065352	0
3134932	0.074211515	0.074211515	0.07744329	0
3571593	0.07420912	0.07420912	0.08100822	0
3483334	0.074008636	0.074008636	0.07723158	0
3876503	0.07388082	0.07388082	0.07709819	1
3709341	0.073865354	0.073865354	0.080632955	0
2702927	0.07380261	0.07380261	0.078402795	0
3530725	0.07365149	0.07365149	0.07827112	0
529263	0.07361224	0.07361224	0.07681793	0
3043450	0.07359072	0.07359072	0.07679546	2
3841536	0.0735418	0.0735418	0.07812571	1
3110133	0.07343946	0.07343946	0.078017	0
3538640	0.073418334	0.073418334	0.077994555	2
3129103	0.073408544	0.073408544	0.077984154	1
2222229	0.073251866	0.073251866	0.076441854	0
3022142	0.073197246	0.073197246	0.07990363	0
3254206	0.073190354	0.073190354	0.07943775	0
3825951	0.07316622	0.07316622	0.079411566	0
2900077	0.07309115	0.07309115	0.07627414	0
3649614	0.07301155	0.07301155	0.07619107	1
3833481	0.07299464	0.07299464	0.07968247	0
3143076	0.072889276	0.072889276	0.07743252	0
3194338	0.07253381	0.07253381	0.079179406	0
3410009	0.07246112	0.07246112	0.07700608	0
2936927	0.07227916	0.07227916	0.07681271	2
3148887	0.07227564	0.07227564	0.075423114	0
3394723	0.072250575	0.072250575	0.078417756	0
3717768	0.071887895	0.071887895	0.07636872	0
2797112	0.07177022	0.07177022	0.07834586	0
1459268	0.07174419	0.07174419	0.07831744	1
2902452	0.07169684	0.07169684	0.07616576	2
2907222	0.07165088	0.07165088	0.07776687	0
2527497	0.07152347	0.07152347	0.07600962	0
3848948	0.07141594	0.07141594	0.075867355	0
3505287	0.07139013	0.07139013	0.07793095	0
3816040	0.071235396	0.071235396	0.07776204	0
2810578	0.07122103	0.07122103	0.075660296	0
3629711	0.07106003	0.07106003	0.07548926	0
2426706	0.07090432	0.07090432	0.07399208	0
3785150	0.07090037	0.07090037	0.0769523	0
2869440	0.07073787	0.07073787	0.07517474	1
3253774	0.07034148	0.07034148	0.07472592	0
1570451	0.070266634	0.070266634	0.07670452	2
3223493	0.07020317	0.07020317	0.074578986	0
3182010	0.07016097	0.07016097	0.07614979	0
2711919	0.06996397	0.06996397	0.07593597	0
2850182	0.06991179	0.06991179	0.07426945	0
3209994	0.06984698	0.06984698	0.07288869	1
3170567	0.06970544	0.06970544	0.07405024	0
2784292	0.06970098	0.06970098	0.074045494	0
514569	0.06969324	0.06969324	0.07564213	0
3876502	0.06959158	0.06959158	0.07392928	0
1586188	0.0694631	0.0694631	0.07382002	1
3338769	0.069341235	0.069341235	0.07526008	0
3200117	0.06925487	0.06925487	4.9707246	2
3336896	0.06924386	0.06924386	0.07558803	0
3635627	0.069228865	0.069228865	0.07513812	0
3470946	0.069151916	0.069151916	0.07505461	0
1184083	0.06910559	0.06910559	0.073440075	0
3412713	0.069072604	0.069072604	0.07208059	0
3308259	0.0690683	0.0690683	0.073400445	0
2769475	0.069053546	0.069053546	0.074947834	0
3151403	0.06888437	0.06888437	0.07519561	0
2799065	0.0687062	0.0687062	0.07301564	0
3837543	0.06866666	0.06866666	0.071656965	0
3877957	0.0686536	0.0686536	0.07451375	0
2657117	0.06864928	0.06864928	0.072955154	0
3236146	0.06862933	0.06862933	0.07448742	2
3123852	0.06859964	0.06859964	0.072875515	1
3426826	0.06847658	0.06847658	0.07274478	0
3585708	0.06845042	0.06845042	0.074721895	0
2925354	0.06845026	0.06845026	0.07143114	0
2749011	0.06842002	0.06842002	0.074260235	1
3097580	0.06831773	0.06831773	0.0726028	0
3247899	0.06810763	0.06810763	0.07237952	0
2536181	0.0681025	0.0681025	0.07234738	1
1525177	0.06807347	0.06807347	4.1972814	0
3025866	0.06805361	0.06805361	0.073862545	0
2496697	0.06804452	0.06804452	0.07231245	0
3706228	0.067965575	0.067965575	0.07220192	0
3332357	0.067952484	0.067952484	0.07218802	0
3504311	0.06791502	0.06791502	0.07413745	0
3470986	0.06786244	0.06786244	0.07209236	2
2726504	0.06782419	0.06782419	0.07205173	0
2966580	0.06781377	0.06781377	0.07204066	1
2667168	0.06780201	0.06780201	0.07401408	2
3422996	0.0675487	0.0675487	0.07178554	0
3411373	0.06743769	0.06743769	0.07037449	0
1906865	0.06737355	0.06737355	0.073546365	0
3200190	0.06736394	0.06736394	0.071589194	0
3108430	0.067290634	0.067290634	0.073455855	0
2423870	0.06723042	0.06723042	0.07339012	2
117239	0.06719313	0.06719313	0.07011926	0
3183636	0.06705545	0.06705545	0.069975585	0
3009545	0.066736445	0.066736445	0.07089617	0
3088392	0.0667315	0.0667315	0.070890926	2
2672280	0.066568606	0.066568606	0.07074396	0
3555578	0.06648975	0.06648975	0.07258159	0
3141706	0.06634094	0.06634094	0.07200369	0
2903521	0.06617357	0.06617357	0.06905531	2
2776377	0.06616678	0.06616678	0.069048226	0
2954558	0.06615453	0.06615453	0.072215654	0
3579064	0.066135004	0.066135004	0.070283175	0
2358881	0.06582013	0.06582013	0.07143842	0
3136152	0.065789856	0.065789856	0.07181757	0
2779295	0.06570551	0.06570551	0.06982674	0
3566732	0.06567979	0.06567979	0.0697994	0
3683186	0.06565861	0.06565861	0.06851792	0
1578574	0.06565309	0.06565309	0.0697453	0
3838988	0.06559827	0.06559827	0.06845496	1
2967696	0.0654741	0.0654741	0.06955514	0
3671015	0.06502611	0.06502611	0.06907924	0
2820289	0.06497908	0.06497908	0.07052558	0
3004846	0.064955026	0.064955026	0.07049947	0
3296598	0.06483174	0.06483174	0.068898164	0
3156508	0.06480917	0.06480917	4.5911064	0
3350007	0.06474181	0.06474181	0.0675612	1
3128930	0.06451663	0.06451663	0.0673262	0
3087220	0.064308144	0.064308144	0.067108646	0
3003213	0.064275146	0.064275146	0.06828147	0
3573553	0.06422134	0.06422134	0.06701806	0
539257	0.06417956	0.06417956	0.06965782	0
3152170	0.063675255	0.063675255	0.06766914	0
3215995	0.06358148	0.06358148	0.067544565	2
3214505	0.06338208	0.06338208	0.067332745	0
2972612	0.0633494	0.0633494	0.0687568	0
2776376	0.06331531	0.06331531	0.0672618	0
3711735	0.06323152	0.06323152	0.06598514	2
1097749	0.0631853	0.0631853	0.0659369	0
2936924	0.063178875	0.063178875	0.06896738	0
3075827	0.062969595	0.062969595	4.4954805	0
2884205	0.06295662	0.06295662	0.068724744	0
3206412	0.06285303	0.06285303	0.068611674	0
3776553	0.06280831	0.06280831	0.06816952	0
3818878	0.06277714	0.06277714	0.0667147	2
544193	0.06275419	0.06275419	0.06811079	0
3558887	0.062347572	0.062347572	0.06805991	0
2938512	0.062166315	0.062166315	0.06606555	0
3862719	0.06197401	0.06197401	0.067652114	0
3020288	0.06195528	0.06195528	0.06584128	0
2791725	0.061706807	0.061706807	0.06557723	0
2615010	0.061596513	0.061596513	0.06685428	0
2833155	0.06150796	0.06150796	0.06675817	0
3075161	0.06141981	0.06141981	0.065248154	1
3860664	0.061364606	0.061364606	0.06403692	0
3517513	0.06134664	0.06134664	0.064018175	0
3154350	0.06131053	0.06131053	0.066543885	0
3298461	0.061281383	0.061281383	0.06395007	0
3350194	0.061280794	0.061280794	0.066895396	0
3177586	0.06123935	0.06123935	0.06685015	0
3046008	0.061236665	0.061236665	0.06684722	0
3636075	0.061165474	0.061165474	0.066769496	2
2693866	0.061161086	0.061161086	0.0649733	0
3679720	0.061132047	0.061132047	0.06496641	0
3531646	0.06104366	0.06104366	0.06487248	2
3155150	0.060994502	0.060994502	0.06482024	0
3352062	0.06099049	0.06099049	0.06619653	0
3616185	0.060962956	0.060962956	0.06654842	2
2769425	0.06091633	0.06091633	0.06611604	0
3377878	0.06089276	0.06089276	0.063544534	0
2767146	0.06085651	0.06085651	0.06643223	0
3015692	0.060778428	0.060778428	0.066346996	0
2222677	0.060670566	0.060670566	0.06445221	1
2581670	0.060608685	0.060608685	0.06324808	0
3407612	0.060503274	0.060503274	0.06427449	0
2803884	0.06034841	0.06034841	0.06297648	0
2740015	0.06026398	0.06026398	0.06578541	0
2938506	0.060155917	0.060155917	0.06529072	2
3056631	0.060108427	0.060108427	0.06272604	0
3274421	0.060091298	0.060091298	0.06559691	0
2684083	0.05999298	0.05999298	0.06375591	0
2763825	0.059815653	0.059815653	0.06356745	0
2821316	0.05980077	0.05980077	0.063528195	0
3876531	0.05962125	0.05962125	0.064710416	0
2740356	0.059215732	0.059215732	0.06464112	0
3791356	0.05919093	0.05919093	0.062880345	0
3698142	0.05894595	0.05894595	0.06151294	0
1382225	0.058922928	0.058922928	0.06395248	0
2702896	0.058862418	0.058862418	0.06142577	0
3617620	0.05880723	0.05880723	0.06382691	0
2769345	0.058774352	0.058774352	0.062437803	0
2872341	0.05874015	0.05874015	0.061298177	0
2972610	0.05850117	0.05850117	0.061048787	2
3099621	0.05849792	0.05849792	0.0634912	0
3410093	0.058354136	0.058354136	0.063335136	2
3071782	0.05823006	0.05823006	0.06320048	0
3099062	0.05803156	0.05803156	0.061671454	1
3073785	0.058031157	0.058031157	0.06164829	0
3396050	0.05800183	0.05800183	0.06161713	0
3523803	0.057890113	0.057890113	0.062831506	0
3048068	0.057851817	0.057851817	0.06037116	0
3555602	0.057845928	0.057845928	0.060365014	2
2872329	0.057734765	0.057734765	0.06266291	0
2799006	0.057658464	0.057658464	0.06125236	0
3201565	0.05765666	0.05765666	0.060167506	0
2967260	0.057623066	0.057623066	2.3106387	0
2769404	0.05760073	0.05760073	0.06010914	0
3574840	0.057511125	0.057511125	0.062780336	0
2799007	0.05733707	0.05733707	0.059833996	0
3781884	0.057289846	0.057289846	0.05978471	0
3864940	0.05722221	0.05722221	0.05971413	0
3141161	0.057183504	0.057183504	0.060770206	0
3178930	0.05716489	0.05716489	0.059654318	0
3888007	0.057041254	0.057041254	0.06059668	0
3161379	0.057020374	0.057020374	0.061887544	0
2873581	0.056936968	0.056936968	0.06179701	0
3490791	0.056918282	0.056918282	0.06048836	0
2605737	0.056890097	0.056890097	0.061746135	0
3047869	0.056885503	0.056885503	0.060453515	0
3038384	0.056752376	0.056752376	0.06195207	0
2981784	0.056668714	0.056668714	0.06186074	0
3123199	0.05656879	0.05656879	0.059032254	2
3408283	0.056512937	0.056512937	0.061336786	0
3073809	0.05644678	0.05644678	0.06161848	0
2769308	0.056192584	0.056192584	0.05863967	0
3681230	0.056124296	0.056124296	0.059622567	0
2517070	0.056115776	0.056115776	0.05963551	0
3599047	0.05602323	0.05602323	0.05846294	0
2882564	0.05598393	0.05598393	0.06111322	0
2852806	0.055921093	0.055921093	0.059428614	0
2672978	0.05588846	0.05588846	0.05937203	0
2846852	0.055886284	0.055886284	0.05936972	0
3555598	0.055799246	0.055799246	0.059277255	0
2225415	0.055657495	0.055657495	0.06040832	0
3892002	0.0556248	0.0556248	0.06072119	0
2584014	0.055414718	0.055414718	0.060491856	0
3482436	0.055400025	0.055400025	0.05885315	0
3074312	0.05538075	0.05538075	0.058854386	0
3680441	0.055346295	0.055346295	0.058796078	0
2808308	0.0552053	0.0552053	0.057609394	0
3292520	0.055194616	0.055194616	0.05863494	0
3421973	0.05514089	0.05514089	0.05754218	0
2740337	0.05491057	0.05491057	0.05994152	0
3485093	0.05488922	0.05488922	0.05831051	0
3148888	0.05482384	0.05482384	0.058262542	0
3257196	0.054800775	0.054800775	0.05823803	0
2071908	0.05477465	0.05477465	0.059793144	0
2989118	0.05474429	0.05474429	0.059759997	0
2726548	0.054511357	0.054511357	0.05688523	1
3298220	0.05447071	0.05447071	0.057865914	0
2323545	0.05439738	0.05439738	0.057788014	0
3674472	0.05413444	0.05413444	0.057529904	0
3481223	0.054022834	0.054022834	0.058972448	2
2254639	0.053892434	0.053892434	0.057272714	2
2759627	0.05384735	0.05384735	0.057224803	0
2687742	0.05384337	0.05384337	0.058439344	0
3785158	0.053698726	0.053698726	0.056037206	0
3542893	0.053541828	0.053541828	0.05687913	1
3873848	0.05346246	0.05346246	0.058360733	0
3502786	0.053420898	0.053420898	0.056771595	0
3134893	0.05306296	0.05306296	0.055373758	0
3087271	0.053041592	0.053041592	0.056368504	0
3565936	0.053027865	0.053027865	0.056353915	0
2845554	0.052954033	0.052954033	0.057474095	0
2823150	0.052907847	0.052907847	0.05622637	2
3711740	0.05279456	0.05279456	0.057631638	2
3460675	0.05278289	0.05278289	0.057288345	0
3883197	0.052763704	0.052763704	0.055061467	0
3396109	0.052748807	0.052748807	0.057251353	2
3042959	0.052649204	0.052649204	0.057143245	0
3618104	0.052491553	0.052491553	0.05697214	0
3015819	0.05248988	0.05248988	0.055761617	0
3301930	0.052482627	0.052482627	0.054768153	0
1828150	0.052417476	0.052417476	0.055705246	0
3442737	0.052292433	0.052292433	0.0570835	0
2572607	0.052004904	0.052004904	0.05644395	0
3096992	0.051891	0.051891	0.05415076	0
3555203	0.051772404	0.051772404	0.054027	0
3680991	0.05165784	0.05165784	0.054877717	0
356919	0.051632285	0.051632285	0.053880777	0
2822176	0.05157982	0.05157982	0.054815046	2
3402108	0.051569015	0.051569015	0.05597086	0
3343409	0.05134785	0.05134785	0.05605238	0
2776010	0.051283296	0.051283296	0.05598191	0
2890927	0.051179428	0.051179428	0.055548016	0
3411742	0.051133715	0.051133715	0.05434096	0
3699537	0.051013064	0.051013064	0.053234592	0
1805426	0.050687026	0.050687026	0.05289435	1
3809164	0.05065531	0.05065531	0.054979157	0
3728465	0.050567344	0.050567344	0.054883685	0
2672301	0.050525118	0.050525118	0.054837853	0
2888369	0.05050845	0.05050845	0.054819766	0
3437141	0.050473817	0.050473817	0.05267187	0
3628464	0.05045452	0.05045452	0.055077195	0
3145093	0.050339412	0.050339412	0.053496834	2
3047893	0.05019945	0.05019945	0.05332842	1
3326743	0.0500267	0.0500267	0.052205276	2
2374581	0.049927205	0.049927205	0.053039204	0
3543976	0.04952168	0.04952168	0.053748764	0
3097568	0.049503073	0.049503073	0.05403858	2
2798987	0.049476	0.049476	0.054009028	0
3051892	0.049405515	0.049405515	0.053622685	0
3423694	0.049392913	0.049392913	0.05247161	0
3172623	0.04936438	0.04936438	0.05246065	0
2654872	0.04935218	0.04935218	0.052447684	0
3786149	0.049287364	0.049287364	0.051433742	0
2926870	0.049231514	0.049231514	0.05230015	0
3124324	0.04922486	0.04922486	0.052293085	0
1675993	0.049195208	0.049195208	0.052280866	0
1899490	0.04902922	0.04902922	0.053521313	0
3349957	0.049021818	0.049021818	0.053513225	0
3065404	0.04897763	0.04897763	0.051110514	0
1481535	0.04879635	0.04879635	0.05185699	0
2253541	0.048759125	0.048759125	0.050882496	0
3291889	0.048758596	0.048758596	0.051816873	0
3434359	0.048659615	0.048659615	0.05311784	0
3117602	0.04863007	0.04863007	0.053085595	0
3113185	0.04860056	0.04860056	0.05274901	1
3512262	0.04859571	0.04859571	0.05274376	0
3405458	0.048365086	0.048365086	0.0504713	0
3657256	0.048312955	0.048312955	0.050416894	0
3716026	0.048156545	0.048156545	0.050253674	0
2039817	0.048101142	0.048101142	0.0525082	0
3133514	0.048036266	0.048036266	0.052437384	0
2566573	0.047699522	0.047699522	0.05177107	0
3162715	0.047558397	0.047558397	0.05191573	0
3799613	0.04739568	0.04739568	0.051441297	0
2740083	0.04725123	0.04725123	0.051284507	0
3167661	0.047057107	0.047057107	0.049106356	0
3249852	0.046793826	0.046793826	0.04972886	2
1523371	0.046759088	0.046759088	0.04879536	1
3339326	0.04666624	0.04666624	0.050941832	0
3478832	0.04665663	0.04665663	0.050639164	0
3016119	0.046637557	0.046637557	0.050910525	0
2565667	0.04656019	0.04656019	0.048587803	0
3733039	0.046526212	0.046526212	0.05049761	0
2977075	0.046508513	0.046508513	0.049407423	2
3304183	0.04636457	0.04636457	0.05032216	0
3479014	0.046268746	0.046268746	0.05050792	2
1277015	0.04619628	0.04619628	0.05013951	0
3572320	0.046171192	0.046171192	0.05040143	0
3410818	0.04597376	0.04597376	0.047975834	0
3108944	0.045907892	0.045907892	0.0479071	0
3843642	0.04582563	0.04582563	0.04869994	0
3856285	0.045807265	0.045807265	0.049717296	0
3089785	0.045782693	0.045782693	0.049690623	0
3097575	0.04574123	0.04574123	0.049932078	0
2878678	0.04566992	0.04566992	0.04765876	0
1712221	0.04566688	0.04566688	0.04853123	0
3325009	0.045513142	0.045513142	0.048350018	0
3113158	0.045466192	0.045466192	0.048317958	0
2657124	0.045296106	0.045296106	0.048137207	0
3874625	0.045289617	0.045289617	0.049439084	0
3263603	0.045238543	0.045238543	0.048058297	1
1386707	0.0450672	0.0450672	0.049196288	0
3672726	0.044934247	0.044934247	0.049051154	0
1082300	0.04488538	0.04488538	0.048997805	0
3220027	0.044866867	0.044866867	0.046820737	0
3878513	0.04473666	0.04473666	0.048555303	0
2365938	0.044709187	0.044709187	0.04880548	0
3177801	0.044405937	0.044405937	0.0471912	0
2740156	0.04434585	0.04434585	0.046277035	0
3860295	0.04427602	0.04427602	0.04703578	0
2769279	0.044124905	0.044124905	0.048167665	0
3591017	0.044094604	0.044094604	0.04601484	0
3433555	0.044046864	0.044046864	0.045965027	0
2764381	0.043932445	0.043932445	0.04768244	0
2695771	0.04392761	0.04392761	0.047677193	0
2892435	0.04380848	0.04380848	3.6647	1
3193635	0.043784928	0.043784928	0.045691684	0
2782233	0.043691326	0.043691326	0.047694355	0
2672287	0.043575965	0.043575965	0.047568426	0
3678994	0.043485083	0.043485083	0.047196895	0
2761773	0.043416195	0.043416195	0.046139378	0
3433013	0.043297477	0.043297477	0.046013214	0
3044585	0.043275695	0.043275695	0.04516027	0
3160360	0.04310252	0.04310252	0.0470516	2
3574659	0.042743098	0.042743098	0.046391573	0
3417929	0.0425312	0.0425312	0.046161585	0
3674308	0.042451903	0.042451903	0.04607552	0
2505292	0.04230451	0.04230451	0.045915548	0
3355033	0.042259213	0.042259213	0.04409953	0
3797247	0.04217908	0.04217908	0.0440159	0
3713317	0.042122025	0.042122025	0.04474752	0
3127318	0.042099487	0.042099487	0.044740077	1
3860621	0.042066243	0.042066243	0.043898154	0
2933632	0.041934803	0.041934803	0.044565067	0
2740109	0.041863963	0.041863963	0.045699567	1
2630993	0.041846853	0.041846853	0.04541883	0
3038627	0.04178938	0.04178938	0.04360923	0
2672249	0.04174869	0.04174869	0.045573734	0
3700028	0.04171509	0.04171509	0.044315226	0
3866073	0.0417015	0.0417015	0.043517523	0
3096988	0.041632984	0.041632984	0.045447428	0
3467606	0.041631304	0.041631304	0.044242535	1
3845211	0.04147447	0.04147447	0.044059608	0
2989114	0.04144425	0.04144425	0.0440275	0
2045657	0.04141007	0.04141007	0.043213405	0
3162884	0.04137358	0.04137358	0.044905156	0
3312222	0.04121247	0.04121247	0.043781273	0
3612309	0.041141424	0.041141424	0.044910833	0
1557855	0.04112665	0.04112665	0.043706223	0
3797560	0.041121352	0.041121352	0.043700594	0
3062852	0.041036945	0.041036945	0.044796776	0
3114749	0.04079396	0.04079396	0.04257046	0
3305603	0.040734697	0.040734697	0.04250862	0
3425293	0.040705845	0.040705845	0.043259025	0
3637244	0.040705215	0.040705215	0.04443465	0
3043392	0.0406414	0.0406414	0.04241126	0
3218113	0.040544827	0.040544827	0.04400566	0
3410057	0.040390752	0.040390752	0.042908337	0
3410720	0.040333856	0.040333856	0.0428637	0
3519057	0.040313236	0.040313236	0.042068806	0
3725448	0.039961994	0.039961994	0.04362334	0
3299146	0.039908063	0.039908063	0.042395562	0
3748403	0.039797213	0.039797213	0.042277806	0
2568949	0.03974809	0.03974809	0.04222562	0
3182407	0.039678458	0.039678458	0.04306534	0
3409936	0.039634306	0.039634306	0.041360307	0
3665126	0.03956135	0.03956135	0.042027242	0
3085975	0.039526768	0.039526768	0.0419905	0
3161023	0.039458126	0.039458126	0.041917585	2
3078859	0.039376177	0.039376177	0.04298385	0
3804551	0.039213013	0.039213013	0.042560164	0
3170312	0.03907553	0.03907553	0.041526455	1
2746805	0.03907511	0.03907511	0.04151069	0
3700815	0.039064977	0.039064977	0.040766187	0
3371487	0.038859848	0.038859848	0.041282013	0
2266718	0.03883284	0.03883284	0.042390734	1
1193543	0.03864454	0.03864454	0.041053284	0
2546374	0.03863157	0.03863157	0.042171016	2
2279110	0.038572747	0.038572747	0.042106807	0
2823333	0.038550872	0.038550872	0.040968884	0
3680613	0.03846809	0.03846809	0.040143304	0
3819695	0.038379747	0.038379747	0.041896123	0
3169257	0.038230866	0.038230866	0.04062881	0
2994428	0.03811901	0.03811901	0.040495	0
2630321	0.038110934	0.038110934	0.039770596	0
3177380	0.037927747	0.037927747	0.040291812	0
3180596	0.03785624	0.03785624	0.04132466	1
1716166	0.037639238	0.037639238	0.03927836	0
3881127	0.03758972	0.03758972	0.03922669	0
3848541	0.037582442	0.037582442	0.039939713	0
1459269	0.0375424	0.0375424	0.04074695	0
2245957	0.037515026	0.037515026	0.040952176	1
2892763	0.037418295	0.037418295	0.039765272	0
3227439	0.037388593	0.037388593	0.039016806	0
554111	0.037225567	0.037225567	0.04040307	0
1751015	0.037023023	0.037023023	0.03934521	1
2637228	0.036977913	0.036977913	0.040134285	0
153522	0.03696911	0.03696911	0.040356245	2
3735392	0.036896102	0.036896102	0.03919586	0
3565148	0.03683922	0.03683922	0.03913544	0
2884209	0.03654922	0.03654922	0.039669	0
2813540	0.03652498	0.03652498	0.03987143	0
3071322	0.036504388	0.036504388	0.03984895	0
3016754	0.036495715	0.036495715	0.038770523	0
2917402	0.03649236	0.03649236	0.038081534	0
2733972	0.03644402	0.03644402	0.038715605	0
3772269	0.03635173	0.03635173	0.038631808	0
3506832	0.036331657	0.036331657	0.03859624	0
2796774	0.036136925	0.036136925	0.037710622	0
2449101	0.03611282	0.03611282	0.03836376	0
3674474	0.03611275	0.03611275	0.039421424	0
3160575	0.03605902	0.03605902	0.03830661	0
3162697	0.036032025	0.036032025	0.037601158	0
3053729	0.03587214	0.03587214	0.039158773	0
1936994	0.03567006	0.03567006	0.03893818	2
2700595	0.035660207	0.035660207	0.038927425	1
3642644	0.03562078	0.03562078	0.037171997	0
2442429	0.035404056	0.035404056	0.037624694	0
3289780	0.03539195	0.03539195	0.038634587	0
3519038	0.035276823	0.035276823	0.036813065	0
2635124	0.035238165	0.035238165	0.036772724	0
2582227	0.035177734	0.035177734	0.038400743	0
3771778	0.0351557	0.0351557	0.037360758	0
2684097	0.035074424	0.035074424	0.03828797	0
1933602	0.034754414	0.034754414	0.03626791	0
3030057	0.03467255	0.03467255	0.036833722	0
3580681	0.03461955	0.03461955	0.03679099	0
2627451	0.034374785	0.034374785	0.036530863	0
420248	0.034338932	0.034338932	0.03748509	0
1933417	0.034277115	0.034277115	0.03576982	0
3517578	0.034244124	0.034244124	0.037381593	0
3457840	0.034233984	0.034233984	0.036367815	0
3849356	0.034128275	0.034128275	0.037255134	0
1592121	0.033946436	0.033946436	0.037056632	0
2924549	0.033921618	0.033921618	0.037029542	1
2518543	0.03385098	0.03385098	0.036740437	0
3350059	0.03363582	0.03363582	0.036506914	0
3401865	0.033572007	0.033572007	0.0366479	0
3695314	0.033283897	0.033283897	0.034733355	0
2817438	0.033279393	0.033279393	0.036120065	0
3200132	0.033239204	0.033239204	0.03468671	0
2700572	0.03319472	0.03319472	0.035263773	0
3265521	0.03317971	0.03317971	0.036219664	0
3706267	0.033167064	0.033167064	0.03461143	0
2762898	0.033116784	0.033116784	0.03615097	0
2258295	0.033080302	0.033080302	0.03590398	2
137242	0.03298861	0.03298861	0.03601105	0
3649270	0.032926984	0.032926984	0.035943776	2
3698892	0.03292617	0.03292617	0.035942886	0
3546099	0.032898046	0.032898046	0.034961503	0
3273785	0.032863405	0.032863405	0.034294546	2
2831896	0.032742124	0.032742124	0.034782965	0
3614524	0.03268154	0.03268154	0.034731414	0
2805600	0.03261085	0.03261085	0.035598677	1
2637226	0.0325582	0.0325582	0.03397605	0
3876546	0.03252401	0.03252401	0.033940367	0
1277817	0.0324762	0.0324762	0.035451695	0
3138095	0.032381527	0.032381527	0.03534835	0
3443734	0.032377128	0.032377128	0.035140783	0
3317068	0.03234648	0.03234648	0.034362663	0
3096317	0.032312006	0.032312006	0.0350701	0
3513602	0.032135945	0.032135945	0.034879014	0
3099190	0.03203868	0.03203868	0.034773443	0
2838367	0.031770866	0.031770866	0.033154428	0
3649285	0.03176324	0.03176324	0.03375552	1
1459264	0.031634644	0.031634644	0.034334917	1
1065024	0.031383574	0.031383574	0.033352036	0
3553533	0.031131446	0.031131446	0.03378877	0
3192515	0.03112769	0.03112769	0.033979632	0
1976317	0.031102862	0.031102862	0.033041526	1
3015279	0.030963132	0.030963132	0.033799995	0
3626910	0.030933956	0.030933956	0.032281075	0
3135503	0.030865125	0.030865125	0.03369301	0
3022694	0.030747702	0.030747702	0.032086704	2
3015549	0.03072739	0.03072739	0.032654695	0
2940929	0.030678825	0.030678825	0.033297516	0
2874837	0.030640656	0.030640656	0.033256087	0
3465871	0.03062715	0.03062715	0.032548167	0
2526407	0.030530361	0.030530361	0.03313638	0
3789901	0.030443836	0.030443836	0.03323312	2
3750490	0.030433368	0.030433368	0.033221696	2
3101356	0.030402834	0.030402834	0.032997962	2
3665536	0.030359453	0.030359453	0.03314101	0
2672221	0.03029765	0.03029765	0.03218613	0
3843570	0.030292874	0.030292874	0.03218105	0
3854264	0.0302919	0.0302919	0.03219189	0
3846662	0.030269722	0.030269722	0.033043053	0
3695684	0.030246662	0.030246662	0.03301788	0
3701680	0.03015851	0.03015851	3.1133916	0
3382696	0.030071458	0.030071458	0.032638304	1
3791000	0.030044867	0.030044867	0.031929363	0
3183543	0.029903108	0.029903108	0.03177871	0
3885832	0.029893328	0.029893328	0.031756602	0
293467	0.029848523	0.029848523	0.032583266	0
3655301	0.029705008	0.029705008	0.030998608	0
3424976	0.029596362	0.029596362	0.031441126	0
2390549	0.029445142	0.029445142	0.03128048	0
3538187	0.029418444	0.029418444	0.032113783	0
2936076	0.029262878	0.029262878	0.031086856	0
3435508	0.029178802	0.029178802	0.031669457	0
3499262	0.028970065	0.028970065	0.030787144	0
3821193	0.028944382	0.028944382	0.030759854	0
2940192	0.028915353	0.028915353	0.030717667	0
3043583	0.028725885	0.028725885	0.030527651	0
1560153	0.028715296	0.028715296	0.030505141	0
3591038	0.028646663	0.028646663	0.031091891	0
3544608	0.028523412	0.028523412	0.031136747	0
3633805	0.028414268	0.028414268	0.031017601	0
2911602	0.02837606	0.02837606	0.03015588	0
3835395	0.028170854	0.028170854	0.029397644	0
3517837	0.028170358	0.028170358	0.030574929	0
1899482	0.028080352	0.028080352	0.029830622	0
2823146	0.028041137	0.028041137	0.029788965	0
3173916	0.028026614	0.028026614	0.029247122	0
3765379	0.028001016	0.028001016	0.03056649	0
3660311	0.027846217	0.027846217	0.029581895	0
2601047	0.027824998	0.027824998	0.029559353	0
2194704	0.027739841	0.027739841	0.030107668	0
3382416	0.027739348	0.027739348	0.028947348	0
3290028	0.027679054	0.027679054	0.030215029	0
2829468	0.027551256	0.027551256	0.029279348	1
3096030	0.027532682	0.027532682	0.029248813	0
1550406	0.027354	0.027354	0.028545218	0
3452305	0.027220717	0.027220717	0.029544227	0
3570930	0.027195988	0.027195988	0.028901797	2
3576519	0.02706953	0.02706953	0.028248357	0
3169494	0.026995506	0.026995506	0.029468853	0
3214574	0.026994754	0.026994754	0.028677357	0
3611065	0.026929578	0.026929578	0.029396884	0
3180168	0.026860971	0.026860971	0.028030718	0
3531530	0.026705049	0.026705049	0.029151784	0
2822422	0.026531175	0.026531175	0.028184889	0
3386261	0.026500106	0.026500106	0.027654137	0
3043580	0.026386347	0.026386347	0.028803881	0
3546439	0.02637927	0.02637927	0.028023511	0
3183690	0.026274659	0.026274659	0.028517418	0
2925362	0.026210649	0.026210649	0.027854651	0
3601016	0.02615367	0.02615367	0.028549887	0
3628260	0.026044518	0.026044518	0.027678099	0
1431558	0.025959417	0.025959417	0.028175268	0
3690674	0.02575315	0.02575315	0.026874654	0
3673379	0.025561556	0.025561556	0.027743444	0
3355049	0.025539588	0.025539588	0.027131492	0
1544337	0.025406137	0.025406137	0.02757476	0
3291282	0.025401715	0.025401715	0.026507914	0
2442046	0.02539252	0.02539252	0.027718998	0
3221144	0.02531949	0.02531949	0.026897676	0
516037	0.02526858	0.02526858	0.02636898	0
1770937	0.025238127	0.025238127	0.027392408	0
2731085	0.025212489	0.025212489	0.026310448	0
2984376	0.02518547	0.02518547	0.027335254	0
3306407	0.0251714	0.0251714	0.02747762	0
2151855	0.025020221	0.025020221	0.027155904	0
3800611	0.025014259	0.025014259	0.02658322	0
3724086	0.025012223	0.025012223	0.02610146	0
3814659	0.024716403	0.024716403	0.025792759	0
1654154	0.02460743	0.02460743	0.02686198	0
3444426	0.024540968	0.024540968	0.026080243	0
3822132	0.024422083	0.024422083	0.02594433	0
3518251	0.024342798	0.024342798	0.025402883	0
2613134	0.02433959	0.02433959	0.026417175	0
3797933	0.024239315	0.024239315	0.025759669	1
1687187	0.024192119	0.024192119	0.026257114	2
1553435	0.024071716	0.024071716	0.025581557	0
3575407	0.02394042	0.02394042	0.025432644	0
2919521	0.023878232	0.023878232	0.026065974	0
3663595	0.023827061	0.023827061	0.025321558	0
3852708	0.02382442	0.02382442	0.026007231	0
3636482	0.02373656	0.02373656	0.025216078	0
3417999	0.02350123	0.02350123	0.025654431	0
2842713	0.023468856	0.023468856	0.024940886	0
2739840	0.023457037	0.023457037	0.024928324	0
3354493	0.023296045	0.023296045	0.025284555	0
3015287	0.023233972	0.023233972	0.024682164	2
2579287	0.023208616	0.023208616	0.024655228	0
3585913	0.023200009	0.023200009	0.024646085	0
3166069	0.023185082	0.023185082	0.02516412	0
3123554	0.023093695	0.023093695	0.024533141	0
3516932	0.022946924	0.022946924	0.024377225	1
3567424	0.022928061	0.022928061	0.023926536	0
2361371	0.022918895	0.022918895	0.02435643	0
2873320	0.022794709	0.022794709	0.023787377	0
2918628	0.02273319	0.02273319	0.024673654	2
2612016	0.02271677	0.02271677	0.024655834	0
3827593	0.022710945	0.022710945	0.024126535	0
3866683	0.022677662	0.022677662	0.02461339	0
2850852	0.022456523	0.022456523	0.024514005	0
1569431	0.022430455	0.022430455	0.02434508	0
3519407	0.02242141	0.02242141	0.02382774	0
3775021	0.022289269	0.022289269	0.023678578	0
3407986	0.022254763	0.022254763	0.023650642	0
3132683	0.02224611	0.02224611	0.023214888	0
3113191	0.022068989	0.022068989	0.023453213	0
3295574	0.02206086	0.02206086	0.023435928	0
2890893	0.022042556	0.022042556	0.023002468	0
3781871	0.021849317	0.021849317	0.023211204	0
3579079	0.021847786	0.021847786	0.023209577	0
2578976	0.021807423	0.021807423	0.023175243	0
3753525	0.021771466	0.021771466	0.023629842	0
3338236	0.021703286	0.021703286	0.022648426	0
3219018	0.021570385	0.021570385	0.022509737	0
3597902	0.02150119	0.02150119	0.022437528	0
1373687	0.021486018	0.021486018	0.022421693	0
3838588	0.021446388	0.021446388	0.022783158	0
2813642	0.021438804	0.021438804	0.022775099	0
3016817	0.02140916	0.02140916	0.022743609	1
2740226	0.021380551	0.021380551	0.022311635	0
2440729	0.021365087	0.021365087	0.02269679	0
3322205	0.021236941	0.021236941	0.02304969	0
3527282	0.021185344	0.021185344	0.02250584	0
2711962	0.021116128	0.021116128	0.022035697	0
3521269	0.021108944	0.021108944	0.02304296	0
3312347	0.021075668	0.021075668	0.02238933	0
2940087	0.021002922	0.021002922	0.022795696	0
3870124	0.020969898	0.020969898	0.022276971	0
3860338	0.020882087	0.020882087	0.02279532	0
3592943	0.020879317	0.020879317	0.022792295	0
3015856	0.020826014	0.020826014	0.022734107	0
3524702	0.020762503	0.020762503	0.022056647	0
3789894	0.020697052	0.020697052	0.021987116	0
3588033	0.020649193	0.020649193	0.021548428	0
3771770	0.020635087	0.020635087	0.022525689	0
2900080	0.020614283	0.020614283	0.021907268	0
2683798	0.020599864	0.020599864	0.021496952	0
3463441	0.020529624	0.020529624	0.022281997	0
1570452	0.020521536	0.020521536	0.022273218	0
3780529	0.020475794	0.020475794	0.0223518	0
3535805	0.020346448	0.020346448	0.021614658	0
3522679	0.020302003	0.020302003	0.021567443	0
57001	0.020217031	0.020217031	0.021097448	0
2766882	0.020144083	0.020144083	0.021863544	0
3468765	0.020116348	0.020116348	0.021370215	1
3015509	0.020106565	0.020106565	0.021359822	2
3351440	0.020080136	0.020080136	0.021919893	0
3297530	0.020032136	0.020032136	0.021742046	0
3015253	0.019960232	0.019960232	0.02121219	0
3539914	0.01988568	0.01988568	0.02170762	0
1526416	0.019801658	0.019801658	0.0216159	0
3260236	0.01965908	0.01965908	0.020884445	0
2846868	0.019655898	0.019655898	0.021456784	0
3417800	0.019560674	0.019560674	0.021352839	0
2804796	0.019481296	0.019481296	0.021266187	0
2701432	0.019450827	0.019450827	0.020297874	0
3249314	0.019371929	0.019371929	0.020586988	0
3380715	0.019346008	0.019346008	0.020997351	0
2360221	0.01910952	0.01910952	0.019941702	0
3654953	0.019102767	0.019102767	0.020293457	0
3445177	0.019102562	0.019102562	0.020733124	0
3862295	0.019011762	0.019011762	0.020753633	0
3015508	0.018838184	0.018838184	0.02056415	0
3015333	0.018812986	0.018812986	0.019985614	0
3325277	0.018810473	0.018810473	0.019990316	0
2776170	0.018785385	0.018785385	0.019603455	0
3016800	0.018519722	0.018519722	0.01967407	0
2804109	0.018515507	0.018515507	0.019321822	0
3305900	0.01849816	0.01849816	0.019651165	0
1784680	0.018452445	0.018452445	0.020027515	0
2785897	0.01842495	0.01842495	0.019227324	0
2699982	0.018378457	0.018378457	0.01994721	0
3015365	0.018349728	0.018349728	0.019148827	0
3324555	0.018239984	0.018239984	0.019911144	0
2740058	0.018141605	0.018141605	0.019803751	0
3415873	0.018093934	0.018093934	0.019751713	0
2873384	0.017915593	0.017915593	0.019444838	0
3267663	0.01778829	0.01778829	0.018562939	0
3025397	0.017771702	0.017771702	0.019288665	0
1187901	0.017758913	0.017758913	0.01853228	0
2791852	0.017710907	0.017710907	0.018821783	0
2716448	0.017694818	0.017694818	0.018465396	0
3201103	0.017328085	0.017328085	0.018408159	2
3137853	0.017295677	0.017295677	0.01837373	0
3697045	0.017207123	0.017207123	0.018675894	0
1781429	0.017196536	0.017196536	0.017945414	0
3527505	0.017190047	0.017190047	0.017938642	0
3379724	0.017061926	0.017061926	0.018132096	0
2612985	0.017009145	0.017009145	0.018567534	0
3540796	0.01700594	0.01700594	0.018065935	0
2888977	0.016918227	0.016918227	0.018362338	0
3563977	0.016900223	0.016900223	0.017636197	0
2902433	0.016824255	0.016824255	0.017872924	0
3015825	0.016617361	0.016617361	0.018139856	0
2908803	0.016542949	0.016542949	0.018058624	0
2672257	0.016481612	0.016481612	0.017508924	0
3623779	0.016463373	0.016463373	0.017971758	0
2499987	0.016459553	0.016459553	0.01749194	0
2098752	0.016420214	0.016420214	0.017135283	0
2991383	0.016382182	0.016382182	0.017780537	0
3043438	0.016347189	0.016347189	0.017742556	0
3701514	0.016343175	0.016343175	0.017361859	0
3663347	0.01634141	0.01634141	0.01705305	0
3654844	0.016254626	0.016254626	0.017743886	0
3861386	0.016198855	0.016198855	0.017683007	0
2744824	0.016185742	0.016185742	0.0168906	0
3279503	0.016001428	0.016001428	0.017467488	0
3002446	0.015879244	0.015879244	0.017234668	0
2813742	0.015829392	0.015829392	0.017279692	0
2397379	0.015829265	0.015829265	0.016815916	0
3654955	0.015726501	0.015726501	0.016712908	0
2790027	0.015694937	0.015694937	0.017132917	0
3632179	0.015645672	0.015645672	0.017079137	0
3840130	0.015539143	0.015539143	0.016215844	0
3646040	0.0154514965	0.0154514965	0.016124383	0
2893311	0.015396449	0.015396449	0.016066935	0
2829574	0.0153056625	0.0153056625	0.016259678	0
3018986	0.015260207	0.015260207	0.01656279	0
2857893	0.01525601	0.01525601	0.015920382	0
3015908	0.015207408	0.015207408	0.016155299	0
3745916	0.015190126	0.015190126	0.016136939	0
2749057	0.015179229	0.015179229	0.015840257	0
3060433	0.015156774	0.015156774	0.016545448	0
1914227	0.015154508	0.015154508	0.015814459	0
2903522	0.015000871	0.015000871	0.015941767	0
3606295	0.0149835255	0.0149835255	0.015917461	0
3631047	0.014964531	0.014964531	0.015903149	0
3015323	0.014886978	0.014886978	0.015820729	0
3581453	0.01483611	0.01483611	0.016195405	0
2665694	0.014802402	0.014802402	0.015725048	0
3313870	0.014741558	0.014741558	0.01609219	0
1464386	0.014306491	0.014306491	0.015198226	0
3814812	0.014287585	0.014287585	0.015178142	0
3417987	0.0142517565	0.0142517565	0.015557514	0
3273374	0.014201565	0.014201565	0.014820017	0
3184159	0.014152768	0.014152768	0.015040468	0
3261730	0.014019102	0.014019102	0.014629608	0
3645713	0.014005076	0.014005076	0.014614972	0
1810518	0.014001916	0.014001916	0.014880153	0
2804573	0.013889149	0.013889149	0.0147603145	0
3016344	0.013865761	0.013865761	0.01446959	0
3823306	0.013820792	0.013820792	0.014682252	0
3648558	0.013806751	0.013806751	0.01440801	0
1550837	0.013632929	0.013632929	0.014482681	0
3567017	0.013628329	0.013628329	0.014477793	0
2900235	0.013582479	0.013582479	0.014429087	0
3561416	0.01358205	0.01358205	0.01474139	0
3032677	0.013542245	0.013542245	0.014782997	0
3464400	0.013481497	0.013481497	0.014327094	0
3598679	0.013468925	0.013468925	0.014702957	0
3349934	0.013397815	0.013397815	0.014232911	0
3307088	0.013253134	0.013253134	0.014079211	0
3083685	0.0131844655	0.0131844655	0.014011431	0
2719058	0.013168855	0.013168855	0.014375393	0
2845783	0.013167939	0.013167939	0.014374394	0
2702835	0.013140939	0.013140939	0.0139651755	0
3015847	0.013139262	0.013139262	0.013963392	0
2963743	0.013132568	0.013132568	0.014253541	0
3609646	0.01312205	0.01312205	0.014242124	0
3015404	0.013092989	0.013092989	0.013663164	0
3853448	0.013031388	0.013031388	0.013598881	0
2700607	0.013031098	0.013031098	0.01414341	0
3122068	0.01294275	0.01294275	0.013749482	0
3142195	0.012887448	0.012887448	0.013695784	0
2998047	0.012863583	0.012863583	0.013670421	0
2686872	0.012845945	0.012845945	0.0140229	0
3452306	0.012790449	0.012790449	0.013962318	0
3320491	0.012762751	0.012762751	0.013558264	0
3599996	0.012738273	0.012738273	0.013293001	0
3363980	0.012724705	0.012724705	0.013278844	0
2693828	0.012719441	0.012719441	0.013512254	0
3534661	0.01270357	0.01270357	0.013867479	0
2804130	0.012641505	0.012641505	0.01319202	0
2396661	0.012601848	0.012601848	0.013756438	0
3153845	0.012552371	0.012552371	0.01362382	0
3476161	0.0123196365	0.0123196365	0.013448371	0
555570	0.012301347	0.012301347	0.013351369	0
3146180	0.012300469	0.012300469	0.013071989	0
3749998	0.0122845825	0.0122845825	0.013410104	0
3072193	0.012160629	0.012160629	0.012918611	0
3604621	0.012154788	0.012154788	0.012917169	0
2933699	0.012118801	0.012118801	0.012878924	1
3339733	0.012060779	0.012060779	0.012812538	0
3030031	0.012044168	0.012044168	0.013072237	0
2241638	0.012013522	0.012013522	0.013114209	0
1470087	0.011880961	0.011880961	0.012895099	0
3841901	0.011846383	0.011846383	0.01258942	0
3162521	0.01182385	0.01182385	0.012560839	0
3263192	0.011730838	0.011730838	0.012241693	0
3520958	0.011696974	0.011696974	0.012206356	0
3260611	0.011676096	0.011676096	0.0124038765	0
3521258	0.011609078	0.011609078	0.012332681	0
1402320	0.0116	0.0116	0.0126628	0
2938572	0.011583339	0.011583339	0.012305338	0
3214515	0.011498437	0.011498437	0.012479924	0
3394212	0.011464099	0.011464099	0.012514448	0
3143154	0.011401817	0.011401817	0.011898345	0
3350293	0.011387918	0.011387918	0.012102198	0
3134901	0.011386757	0.011386757	0.011882629	0
270003	0.011278755	0.011278755	0.01224149	0
1180430	0.01124126	0.01124126	0.011946341	0
2726919	0.011123069	0.011123069	0.012142172	0
3153734	0.011110588	0.011110588	0.011803119	0
2718101	0.01107816	0.01107816	0.01209315	0
2140186	0.01104045	0.01104045	0.011732936	0
3451623	0.011012299	0.011012299	0.011703021	0
2744817	0.010939591	0.010939591	0.01141599	0
3835513	0.010872479	0.010872479	0.011800534	0
3195808	0.01084109	0.01084109	0.011521072	0
3477292	0.010780035	0.010780035	0.011451963	0
3726852	0.010755305	0.010755305	0.011740713	0
3375113	0.010752621	0.010752621	0.011220879	0
3032876	0.010732514	0.010732514	0.011199895	0
2831814	0.0105850445	0.0105850445	0.011554855	0
2083671	0.010572963	0.010572963	0.011033395	0
2885998	0.010544698	0.010544698	0.01151081	0
3507134	0.01053592	0.01053592	0.010994741	0
3270610	0.010533364	0.010533364	0.011189917	0
3674406	0.0105322255	0.0105322255	0.011188707	0
2740307	0.010508917	0.010508917	0.011163945	0
3011247	0.010430533	0.010430533	0.011080678	0
2258299	0.010363378	0.010363378	0.011013396	0
3685153	0.010343397	0.010343397	0.011226292	0
2822572	0.010214305	0.010214305	0.011150146	0
3715517	0.010199257	0.010199257	0.010838982	0
2136000	0.010192064	0.010192064	0.011125867	0
2957012	0.010096097	0.010096097	0.010729352	0
2939438	0.010092029	0.010092029	0.010725029	0
2448089	0.009939838	0.009939838	0.010372701	0
3693817	0.009929201	0.009929201	0.010548097	0
3403898	0.00990084	0.00990084	0.010517969	0
2814827	0.009842623	0.009842623	0.0107444115	0
3541069	0.009830149	0.009830149	0.010669233	0
3034193	0.009789382	0.009789382	0.010399563	0
3507713	0.009771743	0.009771743	0.010605842	0
2804114	0.009763394	0.009763394	0.010657922	0
113776	0.009670783	0.009670783	0.010277361	0
2773426	0.009656545	0.009656545	0.010480812	0
2964817	0.009650336	0.009650336	0.010534505	0
3623387	0.009590939	0.009590939	0.010469667	0
3599366	0.009541809	0.009541809	0.010356282	0
2835704	0.009446628	0.009446628	0.010035444	0
2722014	0.009431473	0.009431473	0.010019344	0
3114338	0.009346712	0.009346712	0.009753745	0
3658728	0.009288588	0.009288588	0.009693088	0
2448346	0.009262475	0.009262475	0.010053105	0
3338831	0.009190464	0.009190464	0.009763313	0
3285765	0.009167566	0.009167566	0.009738988	0
3305226	0.009122446	0.009122446	0.00995825	0
2731099	0.008821995	0.008821995	0.009575024	0
3161476	0.008702675	0.008702675	0.00950002	0
3506843	0.008620202	0.008620202	0.009409991	0
3037213	0.008523873	0.008523873	0.008895073	0
3489613	0.008359126	0.008359126	0.009072646	0
3003288	0.008221487	0.008221487	0.008579518	0
3074264	0.0082045235	0.0082045235	0.008715917	0
2741455	0.00816301	0.00816301	0.008910911	0
2900039	0.008082573	0.008082573	0.008434555	0
3098378	0.0080191195	0.0080191195	0.0083683375	0
3193052	0.008013737	0.008013737	0.008513239	0
3426977	0.007865754	0.007865754	0.008356034	0
1379641	0.007828355	0.007828355	0.00831937	0
3339032	0.007773016	0.007773016	0.008111517	0
3691226	0.0076759607	0.0076759607	0.008379238	0
3299171	0.007629206	0.007629206	0.008328199	0
3061777	0.0075330916	0.0075330916	0.008223279	0
3437419	0.0073907143	0.0073907143	0.00785428	0
2808534	0.0073683327	0.0073683327	0.008043425	0
3016349	0.0073571065	0.0073571065	0.0076774955	0
2984408	0.007299435	0.007299435	0.007922501	0
3317113	0.007261716	0.007261716	0.007927041	0
1187905	0.007248973	0.007248973	0.007703648	0
2850895	0.007187147	0.007187147	0.007845638	0
2872101	0.007095875	0.007095875	0.007404887	0
3110977	0.007094762	0.007094762	0.007700359	0
2634795	0.007039582	0.007039582	0.0074783647	0
3043440	0.0070251706	0.0070251706	0.0076248273	0
3663689	0.0069816113	0.0069816113	0.007419517	0
3229972	0.006957786	0.006957786	0.007391471	0
3420625	0.0069236956	0.0069236956	0.0075580496	0
3591572	0.006871833	0.006871833	0.007501435	0
2955936	0.006819345	0.006819345	0.0074441386	0
2443045	0.006604347	0.006604347	0.007016001	0
3127307	0.0065693217	0.0065693217	0.007130068	0
3664368	0.006508927	0.006508927	0.006914634	0
2972611	0.0064580017	0.0064580017	0.006863065	0
3675287	0.006454718	0.006454718	0.0070461035	0
3015243	0.006371894	0.006371894	0.0069556907	0
3451952	0.0063484795	0.0063484795	0.0067466735	0
2954407	0.006236186	0.006236186	0.00680755	0
2628099	0.0060875355	0.0060875355	0.0066071567	0
2582720	0.005942582	0.005942582	0.0063153165	0
2967474	0.005889534	0.005889534	0.006429137	0
3333215	0.0058287177	0.0058287177	0.006362749	0
2483976	0.005750311	0.005750311	0.006108733	0
2640782	0.005510322	0.005510322	0.005855944	0
2588821	0.005323486	0.005323486	0.0058112275	1
1474624	0.0052904002	0.0052904002	0.005622228	0
2788455	0.0052565574	0.0052565574	0.0055862623	0
2956155	0.005237927	0.005237927	0.00571783	0
3350184	0.0051245075	0.0051245075	0.0053476705	0
2443077	0.004994696	0.004994696	0.005212206	0
2363678	0.004884568	0.004884568	0.005189027	0
2480146	0.0047749565	0.0047749565	0.0051825386	0
1781721	0.004743462	0.004743462	0.005040984	0
2007924	0.0047053415	0.0047053415	0.0051364475	0
3642795	0.0047012996	0.0047012996	0.0049060322	1
2627279	0.004618476	0.004618476	0.0050127013	0
3054444	0.0044587394	0.0044587394	0.004736656	0
2395391	0.0043038647	0.0043038647	0.004698188	0
2448873	0.0043038647	0.0043038647	0.004698188	0
3301191	0.004154804	0.004154804	0.004509451	0
3756704	0.0040901145	0.0040901145	1.9613847	0
2133735	0.004001528	0.004001528	0.0042509465	0
2070962	0.0039926143	0.0039926143	0.0043584206	0
2135732	0.003940464	0.003940464	0.004112064	0
3722376	0.0038688825	0.0038688825	0.0040373653	0
2601153	0.0038199653	0.0038199653	0.0041460306	0
2480139	0.0038199653	0.0038199653	0.0041460306	0
2106597	0.0038049817	0.0038049817	0.0040421495	0
2640885	0.0037658815	0.0037658815	0.0041109147	0
2599551	0.003764273	0.003764273	0.004109158	0
2071206	0.003764273	0.003764273	0.004109158	0
3559361	0.0036437092	0.0036437092	0.0039775483	0
2199188	0.0033541338	0.0033541338	0.0035645142	0
2008488	0.0033346068	0.0033346068	0.0035424556	0
1977192	0.0033204232	0.0033204232	0.003528689	0
2070897	0.003293739	0.003293739	0.0035955135	0
2443044	0.0032599561	0.0032599561	0.0035586352	0
2132345	0.0032150527	0.0032150527	0.0034154493	0
3642468	0.0031584501	0.0031584501	0.0034280503	0
2007718	0.0028862325	0.0028862325	0.0030119226	0
2007696	0.0028649739	0.0028649739	0.003109523	0
2708261	0.0028295077	0.0028295077	0.003005873	0
2982978	0.0026676853	0.0026676853	0.0028339643	0
3452225	0.0026676853	0.0026676853	0.0028339643	0
2125195	0.002464775	0.002464775	0.002619372	0
3725320	0.0024051936	0.0024051936	0.0025099353	0
2443005	0.002363483	0.002363483	0.0025652258	0
2212070	0.0023392413	0.0023392413	0.002538915	0
2738342	0.0018973848	0.0018973848	0.0020163937	0
2136269	0.0018821365	0.0018821365	0.002054579	0
2984313	0.0018507466	0.0018507466	0.0019668303	0
2008422	0.0012338832	0.0012338832	0.0013469324	0
2007730	0.0009929115	0.0009929115	0.0010776647	0
2008418	0.0007454544	0.0007454544	0.0007779176	0
2954350	0.0007020944	0.0007020944	0.000762024	0
3298212	0.0004935533	0.0004935533	0.00053877296	0
2135163	0.00044985168	0.00044985168	0.00047806758	0
2955938	0.00043484842	0.00043484842	0.00045378527	0
